0,0.048766,0.20831,0.34798,0.295,0.093317,0.0066225,0,0,0
0,0.032669,0.22629,0.37291,0.31554,0.051793,0.00079681,0,0,0
0,0.034483,0.2069,0.3399,0.40887,0.0098522,0,0,0,0
0,0.030648,0.18564,0.32137,0.38091,0.079685,0.0017513,0,0,0
0,0.045285,0.1886,0.317,0.33351,0.10602,0.0095898,0,0,0
0,0.039363,0.20687,0.33585,0.35595,0.061139,0.00083752,0,0,0
0,0.047306,0.21288,0.36794,0.34954,0.021025,0.0013141,0,0,0
0,0.036101,0.22671,0.40144,0.2657,0.069314,0.00072202,0,0,0
0,0.044181,0.18966,0.31412,0.34052,0.10129,0.010237,0,0,0
0,0.035446,0.22495,0.37219,0.28971,0.074301,0.0034083,0,0,0
0,0.034978,0.20179,0.35964,0.36054,0.043049,0,0,0,0
0,0.035407,0.20191,0.36938,0.35598,0.036364,0.00095694,0,0,0
0,0.037624,0.15644,0.27723,0.48515,0.043564,0,0,0,0
0,0.044792,0.18618,0.30977,0.33243,0.11387,0.012952,0,0,0
0,0.035469,0.19222,0.30435,0.39817,0.069794,0,0,0,0
0,0.053996,0.20734,0.41037,0.3067,0.019438,0.0021598,0,0,0
0,0.025986,0.20968,0.34677,0.35753,0.05914,0.00089606,0,0,0
0.0246,0.071341,0.080873,0.127,0.20326,0.36747,0.12177,0.00369,0,0
0.029221,0.049587,0.076446,0.15437,0.2314,0.37751,0.081464,0,0,0
0.027802,0.05097,0.098755,0.16421,0.28207,0.33478,0.041413,0,0,0
0.029369,0.07559,0.083293,0.26336,0.47232,0.076071,0,0,0,0
0.033085,0.05918,0.078285,0.21855,0.43476,0.17614,0,0,0,0
0.15449,0.097111,0.074639,0.1565,0.28371,0.23315,0.00040128,0,0,0
0.087575,0.089301,0.089301,0.15315,0.25884,0.31838,0.0034513,0,0,0
0.076614,0.0726,0.092339,0.14252,0.24992,0.34359,0.022416,0,0,0
0.034057,0.058226,0.10052,0.18676,0.27465,0.29992,0.045043,0.00082395,0,0
0.030127,0.057875,0.093552,0.16993,0.25581,0.2981,0.093023,0.0015856,0,0
0.032848,0.056709,0.086768,0.14286,0.22002,0.282,0.17385,0.0049582,0,0
0.029608,0.069956,0.080406,0.12221,0.17591,0.35878,0.15762,0.0055152,0,0
0.033879,0.070386,0.082068,0.13785,0.19393,0.38756,0.09229,0.0020444,0,0
0.028563,0.053479,0.088119,0.15679,0.24066,0.28016,0.15041,0.0018232,0,0
0.022975,0.055018,0.096433,0.16203,0.2769,0.30895,0.077388,0.0003023,0,0
0.034621,0.064092,0.10014,0.17825,0.28956,0.301,0.032046,0.00028612,0,0
0.077308,0.079812,0.088576,0.15587,0.29296,0.28983,0.015649,0,0,0
0.15449,0.097111,0.074639,0.1565,0.28371,0.23315,0.00040128,0,0,0
0.033085,0.05918,0.078285,0.21855,0.43476,0.17614,0,0,0,0
0.02729,0.06383,0.072155,0.22803,0.50416,0.10453,0,0,0,0
0.026148,0.075247,0.077571,0.12406,0.17838,0.36403,0.14788,0.0066822,0,0
0.032773,0.066947,0.087675,0.12885,0.20532,0.38655,0.090476,0.0014006,0,0
0.024805,0.046823,0.063824,0.13935,0.23133,0.3587,0.13517,0,0,0
0.021947,0.047552,0.091446,0.1359,0.27659,0.36804,0.058244,0.00028137,0,0
0.036857,0.070058,0.089248,0.16327,0.28754,0.33049,0.02254,0,0,0
0.037677,0.076046,0.089181,0.21431,0.39959,0.1756,0.0076046,0,0,0
0.039435,0.085565,0.077009,0.23065,0.45461,0.10975,0.0029762,0,0,0
0.037859,0.078011,0.079924,0.15679,0.51472,0.13155,0.0011472,0,0,0
0.034124,0.07449,0.067832,0.14149,0.46983,0.20849,0.0037453,0,0,0
0.02704,0.066863,0.063913,0.17355,0.36185,0.30285,0.0039331,0,0,0
0.029323,0.053084,0.07179,0.23862,0.36299,0.24419,0,0,0,0
0.034626,0.084488,0.093259,0.26408,0.47969,0.04386,0,0,0,0
0.11473,0.092308,0.079121,0.16835,0.40396,0.14154,0,0,0,0
0.082544,0.086152,0.070365,0.17456,0.37167,0.2147,0,0,0,0
0.088347,0.09045,0.080774,0.15271,0.31552,0.26756,0.0046277,0,0,0
0.082038,0.078786,0.090712,0.12252,0.24901,0.36104,0.015902,0,0,0
0.024918,0.05221,0.089291,0.14506,0.26698,0.30792,0.11243,0.0011866,0,0
0.030791,0.073957,0.075396,0.14734,0.1977,0.37871,0.09036,0.0057554,0,0
0.028122,0.048685,0.078016,0.13789,0.26096,0.30027,0.14303,0.0030239,0,0
0.025067,0.059982,0.085944,0.16443,0.27096,0.31782,0.074605,0.0011937,0,0
0.069426,0.070078,0.085398,0.13494,0.25293,0.35398,0.033246,0,0,0
0.088347,0.09045,0.080774,0.15271,0.31552,0.26756,0.0046277,0,0,0
0.084715,0.091621,0.070442,0.17173,0.3895,0.19199,0,0,0,0
0.032556,0.058795,0.086492,0.20991,0.48445,0.12779,0,0,0,0
0.044762,0.059991,0.086294,0.23904,0.50392,0.06599,0,0,0,0
0.040128,0.071591,0.10169,0.26402,0.4984,0.024168,0,0,0,0
0.029323,0.053084,0.07179,0.23862,0.36299,0.24419,0,0,0,0
0.02704,0.066863,0.063913,0.17355,0.36185,0.30285,0.0039331,0,0,0
0.034124,0.07449,0.067832,0.14149,0.46983,0.20849,0.0037453,0,0,0
0.037859,0.078011,0.079924,0.15679,0.51472,0.13155,0.0011472,0,0,0
0.039435,0.085565,0.077009,0.23065,0.45461,0.10975,0.0029762,0,0,0
0.037677,0.076046,0.089181,0.21431,0.39959,0.1756,0.0076046,0,0,0
0.028053,0.066874,0.077642,0.11448,0.1669,0.36951,0.16804,0.008501,0,0
0,0.021821,0.058749,0.1112,0.17583,0.46958,0.15485,0.0079731,0,0
0,0.034252,0.043442,0.12949,0.24018,0.39181,0.15915,0.0016708,0,0
0,0.0708,0.064204,0.13105,0.27704,0.29991,0.15435,0.0026385,0,0
0,0.09573,0.085875,0.16706,0.2656,0.27921,0.10465,0.0018771,0,0
0,0.13081,0.11348,0.21671,0.22065,0.2569,0.060678,0.00078802,0,0
0,0.1658,0.12694,0.18264,0.26295,0.23964,0.022021,0,0,0
0,0.10976,0.16829,0.15366,0.28293,0.28293,0.002439,0,0,0
0,0.1236,0.10112,0.13483,0.32135,0.31461,0.0044944,0,0,0
0,0.075406,0.10093,0.25986,0.31439,0.2413,0.0081206,0,0,0
0,0.051464,0.086069,0.3008,0.31056,0.24135,0.0079858,0.0017746,0,0
0,0.07109,0.073121,0.26066,0.29113,0.27353,0.029113,0.0013541,0,0
0,0.056872,0.052133,0.21222,0.2733,0.33228,0.07109,0.0021064,0,0
0,0.022503,0.069878,0.10659,0.19582,0.48085,0.11765,0.0067114,0,0
0,0.027485,0.039533,0.15399,0.20708,0.43599,0.12952,0.0064006,0,0
0,0.042166,0.040834,0.18553,0.25078,0.35952,0.11984,0.0013316,0,0
0,0.05163,0.05,0.23587,0.26957,0.32391,0.069022,0,0,0
0,0.064244,0.066877,0.21801,0.2733,0.30068,0.075829,0.0010532,0,0
0,0.07109,0.073121,0.26066,0.29113,0.27353,0.029113,0.0013541,0,0
0,0.051464,0.086069,0.3008,0.31056,0.24135,0.0079858,0.0017746,0,0
0,0.11981,0.12939,0.16773,0.33227,0.2508,0,0,0,0
0,0.1236,0.10112,0.13483,0.32135,0.31461,0.0044944,0,0,0
0,0.10976,0.16829,0.15366,0.28293,0.28293,0.002439,0,0,0
0,0.1658,0.12694,0.18264,0.26295,0.23964,0.022021,0,0,0
0,0.13081,0.11348,0.21671,0.22065,0.2569,0.060678,0.00078802,0,0
0,0.10064,0.089737,0.17253,0.25682,0.27962,0.098661,0.0019831,0,0
0,0.0708,0.064204,0.13105,0.27704,0.29991,0.15435,0.0026385,0,0
0,0.042742,0.044858,0.12738,0.24376,0.35336,0.17901,0.008887,0,0
0,0.028302,0.051682,0.10254,0.16653,0.4557,0.18622,0.0090238,0,0
0,0.022503,0.069878,0.10659,0.19582,0.48085,0.11765,0.0067114,0,0
0,0.033402,0.044536,0.12247,0.23546,0.39588,0.16206,0.0061856,0,0
0,0.04,0.052135,0.14607,0.30652,0.31551,0.13753,0.0022472,0,0
0,0.081418,0.062739,0.1705,0.27155,0.29693,0.11638,0.00047893,0,0
0,0.085942,0.097894,0.20262,0.25213,0.28401,0.075697,0.0017075,0,0
0,0.10648,0.098781,0.19307,0.25465,0.26106,0.085311,0,0.00064144,0
0,0.15083,0.125,0.18698,0.24483,0.24483,0.047521,0,0,0
0,0.11449,0.12383,0.15888,0.27804,0.31542,0.0093458,0,0,0
0,0.13821,0.12398,0.14024,0.34756,0.25,0,0,0,0
0,0.14334,0.12287,0.15529,0.33447,0.24232,0.0017065,0,0,0
0,0.071661,0.093377,0.26276,0.32356,0.24213,0.0054289,0.0010858,0,0
0,0.092489,0.088144,0.2514,0.2874,0.2545,0.02545,0.00062073,0,0
0,0.055556,0.058176,0.22537,0.28616,0.31604,0.058176,0.00052411,0,0
0,0.026253,0.056086,0.10899,0.16945,0.48886,0.14161,0.008751,0,0
0,0.028678,0.043948,0.13594,0.2298,0.41378,0.13855,0.009311,0,0
0,0.048073,0.046001,0.18649,0.26647,0.35889,0.092002,0.0020721,0,0
0,0.071076,0.079467,0.20089,0.25271,0.32478,0.068608,0.0024679,0,0
0,0.089647,0.085599,0.2273,0.28687,0.27126,0.039329,0,0,0
0,0.092489,0.088144,0.2514,0.2874,0.2545,0.02545,0.00062073,0,0
0,0.11722,0.11244,0.2201,0.32297,0.22488,0.0023923,0,0,0
0,0.13821,0.12398,0.14024,0.34756,0.25,0,0,0,0
0,0.1067,0.12407,0.16873,0.2804,0.3201,0,0,0,0
0,0.11449,0.12383,0.15888,0.27804,0.31542,0.0093458,0,0,0
0,0.1325,0.11437,0.18689,0.24407,0.28173,0.040446,0,0,0
0,0.11879,0.11968,0.19415,0.23759,0.25709,0.070922,0.001773,0,0
0,0.10648,0.098781,0.19307,0.25465,0.26106,0.085311,0,0.00064144,0
0,0.092329,0.071658,0.15526,0.25999,0.2972,0.12127,0.0022967,0,0
0,0.04,0.052135,0.14607,0.30652,0.31551,0.13753,0.0022472,0,0
0.029313,0.084094,0.15137,0.22633,0.35416,0.14704,0.0076886,0,0,0
0.052018,0.1186,0.18019,0.25135,0.268,0.12068,0.0087391,0.00041615,0,0
0.20944,0.29957,0.17511,0.15708,0.15536,0.0034335,0,0,0,0
0.16279,0.29568,0.21678,0.12375,0.16611,0.034884,0,0,0,0
0.1119,0.27302,0.2619,0.11905,0.18016,0.051587,0.002381,0,0,0
0.074818,0.191,0.25973,0.20742,0.16849,0.094891,0.0036496,0,0,0
0.022122,0.081448,0.15083,0.2182,0.3821,0.13977,0.0055304,0,0,0
0.04835,0.10553,0.14551,0.23942,0.3431,0.11204,0.0060437,0,0,0
0.051597,0.15037,0.17101,0.25946,0.26683,0.097297,0.0034398,0,0,0
0.074818,0.191,0.25973,0.20742,0.16849,0.094891,0.0036496,0,0,0
0.1119,0.27302,0.2619,0.11905,0.18016,0.051587,0.002381,0,0,0
0.16279,0.29568,0.21678,0.12375,0.16611,0.034884,0,0,0,0
0.20816,0.32285,0.16653,0.14698,0.15208,0.0033985,0,0,0,0
0.051118,0.15389,0.20075,0.22684,0.2492,0.11022,0.0074547,0.00053248,0,0
0.023547,0.081663,0.15281,0.22645,0.37024,0.14178,0.003507,0,0,0
0.032118,0.080295,0.1684,0.26649,0.30729,0.13108,0.014323,0,0,0
0.05036,0.11807,0.18578,0.27084,0.2628,0.10495,0.0067711,0.00042319,0,0
0.081098,0.18278,0.21085,0.21148,0.22458,0.087336,0.0018715,0,0,0
0.16206,0.22965,0.16897,0.18126,0.20737,0.049923,0.00076805,0,0,0
0.14417,0.31433,0.15507,0.18022,0.17351,0.032691,0,0,0,0
0.19294,0.32041,0.15848,0.17657,0.14729,0.0043066,0,0,0,0
0.12611,0.26516,0.26112,0.12692,0.16653,0.051738,0.0024252,0,0,0
0.082964,0.18746,0.26979,0.19569,0.16149,0.09753,0.0050665,0,0,0
0.016651,0.06803,0.1627,0.22169,0.36775,0.15557,0.0076118,0,0,0
0.034679,0.14869,0.17245,0.24893,0.27601,0.11401,0.0052257,0,0,0
0.068371,0.1751,0.19844,0.21623,0.25069,0.088938,0.0022235,0,0,0
0.082964,0.18746,0.26979,0.19569,0.16149,0.09753,0.0050665,0,0,0
0.12611,0.26516,0.26112,0.12692,0.16653,0.051738,0.0024252,0,0,0
0.15596,0.30859,0.1985,0.14345,0.16681,0.026689,0,0,0,0
0.20907,0.3073,0.17045,0.15029,0.15785,0.0050378,0,0,0,0
0.16206,0.22965,0.16897,0.18126,0.20737,0.049923,0.00076805,0,0,0
0.05765,0.15854,0.20953,0.23171,0.23337,0.10532,0.0027716,0.0011086,0,0
0.036724,0.084846,0.17307,0.26425,0.30097,0.12621,0.01393,0,0,0
0,0,0,0.11247,0.14841,0.39408,0.30613,0.038478,0.00042283,0
0,0,0,0.10348,0.19345,0.42226,0.25065,0.022881,0.0062402,0.00104
0,0,0,0.14522,0.2131,0.45383,0.16969,0.014996,0.0031571,0
0,0,0,0.17694,0.23065,0.48657,0.10269,0.0031596,0,0
0,0,0,0.19174,0.29794,0.44838,0.058997,0.0029499,0,0
0,0,0,0.2186,0.31163,0.45116,0.018605,0,0,0
0,0,0,0.15029,0.2948,0.53757,0.017341,0,0,0
0,0,0,0.1561,0.2439,0.55122,0.04878,0,0,0
0,0,0,0.17211,0.32462,0.36819,0.12636,0.0087146,0,0
0,0,0,0.12472,0.29801,0.43488,0.133,0.0077263,0.0016556,0
0,0,0,0.10946,0.16935,0.4242,0.27633,0.020653,0,0
0,0,0,0.12808,0.24111,0.4175,0.19964,0.013218,0.00045579,0
0,0,0,0.12472,0.29801,0.43488,0.133,0.0077263,0.0016556,0
0,0,0,0.18987,0.2943,0.43671,0.079114,0,0,0
0,0,0,0.19298,0.19298,0.53947,0.074561,0,0,0
0,0,0,0.1676,0.26257,0.52514,0.044693,0,0,0
0,0,0,0.2186,0.31163,0.45116,0.018605,0,0,0
0,0,0,0.19174,0.29794,0.44838,0.058997,0.0029499,0,0
0,0,0,0.17694,0.23065,0.48657,0.10269,0.0031596,0,0
0,0,0,0.10934,0.21604,0.4725,0.1776,0.019881,0.0039761,0.00066269
0,0,0,0.096791,0.19198,0.42567,0.25668,0.021925,0.0069519,0
0,0,0,0.096451,0.15423,0.38535,0.3121,0.047316,0.0045496,0
0,0,0,0.10979,0.16324,0.40419,0.29811,0.024671,0,0
0,0,0,0.090482,0.14493,0.44066,0.28907,0.032511,0.0023502,0
0,0,0,0.07605,0.16639,0.49538,0.23739,0.019328,0.005042,0.00042017
0,0,0,0.09451,0.24448,0.47991,0.16525,0.010753,0.0050934,0
0,0,0,0.096945,0.22679,0.48766,0.16921,0.013514,0.0047004,0.0011751
0,0,0,0.16754,0.26554,0.43836,0.1138,0.014752,0,0
0,0,0,0.17799,0.34192,0.43326,0.046838,0,0,0
0,0,0,0.16327,0.28061,0.53061,0.02551,0,0,0
0,0,0,0.24324,0.2973,0.44144,0.018018,0,0,0
0,0,0,0.17936,0.40541,0.3317,0.078624,0.004914,0,0
0,0,0,0.16369,0.35076,0.36451,0.099037,0.019257,0.002751,0
0,0,0,0.13202,0.30618,0.40309,0.14396,0.0098315,0.0049157,0
0,0,0,0.12226,0.1674,0.38081,0.30587,0.023663,0,0
0,0,0,0.10793,0.21883,0.42977,0.22671,0.015771,0.00098571,0
0,0,0,0.13302,0.26306,0.43527,0.15736,0.0077197,0.0035629,0
0,0,0,0.16369,0.35076,0.36451,0.099037,0.019257,0.002751,0
0,0,0,0.21136,0.38801,0.37539,0.025237,0,0,0
0,0,0,0.21591,0.29167,0.45455,0.037879,0,0,0
0,0,0,0.12766,0.32979,0.51596,0.026596,0,0,0
0,0,0,0.13849,0.29469,0.47504,0.088567,0.0032206,0,0
0,0,0,0.092097,0.23529,0.47534,0.18182,0.011289,0.0029709,0.0011884
0,0,0,0.07605,0.16639,0.49538,0.23739,0.019328,0.005042,0.00042017
0,0,0.021495,0.11075,0.21776,0.30047,0.29626,0.052804,0.00046729,0
0,0,0.020455,0.10227,0.14955,0.27,0.39,0.067727,0,0
0,0,0.036959,0.10876,0.11827,0.34741,0.36008,0.028511,0,0
0,0,0.031558,0.1144,0.17949,0.39053,0.28008,0.0039448,0,0
0,0,0.037415,0.14966,0.2517,0.42857,0.13265,0,0,0
0,0,0.045643,0.17427,0.32365,0.39004,0.06639,0,0,0
0,0,0.025862,0.11207,0.32328,0.53017,0.0086207,0,0,0
0,0,0.040161,0.15261,0.30924,0.4739,0.024096,0,0,0
0,0,0.068966,0.16379,0.23707,0.48707,0.043103,0,0,0
0,0,0.15827,0.35492,0.18945,0.26379,0.033573,0,0,0
0,0,0.1494,0.31873,0.16733,0.29482,0.069721,0,0,0
0,0,0.10622,0.29287,0.13202,0.2959,0.17299,0,0,0
0,0,0.08508,0.24538,0.11344,0.28237,0.26141,0.01233,0,0
0,0,0.060762,0.19979,0.12667,0.28115,0.30278,0.028836,0,0
0,0,0.023305,0.081921,0.12429,0.32274,0.39548,0.051554,0.00070621,0
0,0,0.019807,0.10208,0.24987,0.32402,0.26003,0.044185,0,0
0,0,0.033054,0.10808,0.16632,0.35992,0.28541,0.047219,0,0
0,0,0.021579,0.080526,0.15211,0.29632,0.38842,0.060526,0.00052632,0
0,0,0.060762,0.19979,0.12667,0.28115,0.30278,0.028836,0,0
0,0,0.10622,0.29287,0.13202,0.2959,0.17299,0,0,0
0,0,0.1494,0.31873,0.16733,0.29482,0.069721,0,0,0
0,0,0.056522,0.12609,0.31304,0.46087,0.043478,0,0,0
0,0,0.020747,0.16598,0.27801,0.49793,0.037344,0,0,0
0,0,0.055319,0.18723,0.23404,0.48936,0.034043,0,0,0
0,0,0.041667,0.090909,0.32576,0.53409,0.0075758,0,0,0
0,0,0.045643,0.17427,0.32365,0.39004,0.06639,0,0,0
0,0,0.037415,0.14966,0.2517,0.42857,0.13265,0,0,0
0,0,0.037736,0.1159,0.21563,0.4097,0.22102,0,0,0
0,0,0.031558,0.1144,0.17949,0.39053,0.28008,0.0039448,0,0
0,0,0.037356,0.10345,0.14224,0.35201,0.3477,0.017241,0,0
0,0,0.024,0.098353,0.21694,0.30871,0.29835,0.052706,0.00094118,0
0,0,0.019358,0.11055,0.23892,0.32756,0.26235,0.041263,0,0
0,0,0.028628,0.10958,0.16881,0.30503,0.32675,0.061204,0,0
0,0,0.020161,0.076613,0.15423,0.26008,0.40927,0.079637,0,0
0,0,0.015421,0.071174,0.12633,0.26335,0.42823,0.094306,0.0011862,0
0,0,0.11155,0.19948,0.13255,0.25066,0.2874,0.018373,0,0
0,0,0.13765,0.23279,0.11741,0.34413,0.16599,0.0020243,0,0
0,0,0.028939,0.12219,0.2283,0.45659,0.16399,0,0,0
0,0,0.043321,0.12996,0.27437,0.44765,0.10469,0,0,0
0,0,0.081712,0.20623,0.24125,0.40467,0.066148,0,0,0
0,0,0.036885,0.16803,0.26639,0.4918,0.036885,0,0,0
0,0,0.01992,0.099602,0.31076,0.52988,0.039841,0,0,0
0,0,0.046512,0.10078,0.22868,0.55426,0.069767,0,0,0
0,0,0.016,0.148,0.36,0.436,0.04,0,0,0
0,0,0.14416,0.41648,0.16018,0.26316,0.016018,0,0,0
0,0,0.09699,0.37291,0.17559,0.28763,0.06689,0,0,0
0,0,0.088235,0.34358,0.11765,0.28877,0.16176,0,0,0
0,0,0.075581,0.28605,0.11047,0.27558,0.24535,0.0069767,0,0
0,0,0.028159,0.088809,0.11913,0.30686,0.40722,0.049097,0.00072202,0
0,0,0.021554,0.11429,0.24311,0.32932,0.25764,0.034085,0,0
0,0,0.025974,0.096861,0.16829,0.34632,0.31981,0.042749,0,0
0,0,0.026951,0.076923,0.13981,0.28579,0.40988,0.06064,0,0
0,0,0.025784,0.088502,0.12195,0.30035,0.40627,0.056446,0.00069686,0
0,0,0.074107,0.19911,0.11518,0.25357,0.33214,0.025893,0,0
0,0,0.075581,0.28605,0.11047,0.27558,0.24535,0.0069767,0,0
0,0,0.088235,0.34358,0.11765,0.28877,0.16176,0,0,0
0,0,0.09699,0.37291,0.17559,0.28763,0.06689,0,0,0
0,0,0.14416,0.41648,0.16018,0.26316,0.016018,0,0,0
0,0,0.042373,0.17797,0.24153,0.51271,0.025424,0,0,0
0,0,0.031746,0.12302,0.30159,0.50397,0.039683,0,0,0
0,0,0.058366,0.11284,0.24514,0.5214,0.062257,0,0,0
0,0,0.043321,0.1769,0.20578,0.51264,0.061372,0,0,0
0,0,0.011952,0.099602,0.29482,0.52191,0.071713,0,0,0
0,0,0.081712,0.20623,0.24125,0.40467,0.066148,0,0,0
0,0,0.043321,0.12996,0.27437,0.44765,0.10469,0,0,0
0,0,0.028939,0.12219,0.2283,0.45659,0.16399,0,0,0
0,0,0.13765,0.23279,0.11741,0.34413,0.16599,0.0020243,0,0
0,0,0.14417,0.22699,0.11503,0.2638,0.24233,0.0076687,0,0
0,0,0.021357,0.065955,0.12626,0.26005,0.42399,0.10176,0.00062814,0
0,0,0.21048,0.29596,0.34375,0.11673,0.033088,0,0,0
0,0,0.19659,0.23066,0.39825,0.15516,0.019337,0,0,0
0,0,0.14411,0.37615,0.33287,0.13029,0.016575,0,0,0
0,0,0.17429,0.34714,0.35381,0.11381,0.010476,0.00047619,0,0
0,0,0.19421,0.42562,0.28158,0.086187,0.012397,0,0,0
0,0,0.20209,0.52751,0.2315,0.035104,0.0037951,0,0,0
0,0,0.27784,0.53798,0.16337,0.020812,0,0,0,0
0,0,0.26775,0.54795,0.17559,0.007472,0.0012453,0,0,0
0,0,0.34687,0.52623,0.12014,0.0067682,0,0,0,0
0,0,0.34715,0.48877,0.14508,0.017271,0.0017271,0,0,0
0,0,0.30199,0.45014,0.20798,0.029915,0.0099715,0,0,0
0,0,0.31382,0.3263,0.29271,0.053743,0.013436,0,0,0
0,0,0.11998,0.28579,0.45211,0.12822,0.013903,0,0,0
0,0,0.16491,0.26275,0.40239,0.14837,0.021589,0,0,0
0,0,0.19193,0.3369,0.33937,0.10461,0.027183,0,0,0
0,0,0.18662,0.29798,0.34815,0.15097,0.015405,0.00088028,0,0
0,0,0.10177,0.27089,0.4481,0.16759,0.011646,0,0,0
0,0,0.26694,0.32727,0.32479,0.067769,0.013223,0,0,0
0,0,0.31754,0.37441,0.25948,0.035545,0.013033,0,0,0
0,0,0.31399,0.49256,0.1622,0.025298,0.0059524,0,0,0
0,0,0.34687,0.52623,0.12014,0.0067682,0,0,0,0
0,0,0.20209,0.52751,0.2315,0.035104,0.0037951,0,0,0
0,0,0.18883,0.47074,0.25,0.081117,0.0093085,0,0,0
0,0,0.15256,0.38933,0.31555,0.13631,0.0062526,0,0,0
0,0,0.22892,0.24282,0.35867,0.12882,0.040778,0,0,0
0,0,0.18326,0.23937,0.40905,0.14389,0.024434,0,0,0
0,0,0.18035,0.24406,0.38493,0.16644,0.023329,0.00089726,0,0
0,0,0.17261,0.33317,0.37078,0.10366,0.019769,0,0,0
0,0,0.19256,0.38704,0.31411,0.096282,0.0095329,0.00047664,0,0
0,0,0.22859,0.46574,0.22661,0.072464,0.0065876,0,0,0
0,0,0.33181,0.50171,0.13227,0.029647,0.004561,0,0,0
0,0,0.31129,0.56474,0.1157,0.0082645,0,0,0,0
0,0,0.32222,0.46667,0.19524,0.015873,0,0,0,0
0,0,0.2855,0.49313,0.2,0.018321,0.0030534,0,0,0
0,0,0.2582,0.42077,0.28142,0.035519,0.0040984,0,0,0
0,0,0.25264,0.31514,0.35211,0.065141,0.014965,0,0,0
0,0,0.14253,0.27936,0.46579,0.10262,0.0096921,0,0,0
0,0,0.10294,0.26565,0.45778,0.16176,0.01186,0,0,0
0,0,0.18591,0.285,0.37227,0.13818,0.018636,0,0,0
0,0,0.2123,0.34288,0.30666,0.09941,0.038753,0,0,0
0,0,0.10735,0.29934,0.42197,0.1569,0.014451,0,0,0
0,0,0.25264,0.31514,0.35211,0.065141,0.014965,0,0,0
0,0,0.27436,0.40641,0.27949,0.030769,0.0089744,0,0,0
0,0,0.27615,0.48954,0.20363,0.026499,0.0041841,0,0,0
0,0,0.35975,0.47544,0.14422,0.020602,0,0,0,0
0,0,0.28287,0.5841,0.1315,0.0015291,0,0,0,0
0,0,0.31258,0.53437,0.13359,0.016861,0.002594,0,0,0
0,0,0.2243,0.49873,0.20816,0.058624,0.010195,0,0,0
0,0,0.22824,0.40722,0.26765,0.084291,0.012589,0,0,0
0,0,0.19256,0.38704,0.31411,0.096282,0.0095329,0.00047664,0,0
0,0,0.18035,0.24406,0.38493,0.16644,0.023329,0.00089726,0,0
0,0.045089,0.25013,0.30649,0.32313,0.067633,0.0075148,0,0,0
0,0.053005,0.30676,0.33306,0.25334,0.05384,0,0,0,0
0,0.058009,0.29264,0.32121,0.24805,0.079221,0.0008658,0,0,0
0,0.088775,0.36244,0.22964,0.24285,0.075569,0.00073368,0,0,0
0,0.040219,0.17733,0.39854,0.34552,0.038391,0,0,0,0
0,0.035242,0.24229,0.43833,0.27533,0.0088106,0,0,0,0
0,0.039702,0.20844,0.55831,0.19355,0,0,0,0,0
0,0.055046,0.22018,0.53211,0.19037,0.0022936,0,0,0,0
0,0.037209,0.16279,0.58837,0.2,0.011628,0,0,0,0
0,0.05754,0.42791,0.24735,0.23016,0.037037,0,0,0,0
0,0.038356,0.16986,0.31096,0.38447,0.091781,0.0045662,0,0,0
0,0.044444,0.27464,0.34758,0.27977,0.052422,0.0011396,0,0,0
0,0.045603,0.19137,0.31067,0.36523,0.085912,0.0012215,0,0,0
0,0.05754,0.42791,0.24735,0.23016,0.037037,0,0,0,0
0,0.042151,0.19331,0.46948,0.27762,0.017442,0,0,0,0
0,0.047733,0.16945,0.5895,0.19332,0,0,0,0,0
0,0.030733,0.17494,0.55792,0.23404,0.0023641,0,0,0,0
0,0.040219,0.17733,0.39854,0.34552,0.038391,0,0,0,0
0,0.088775,0.36244,0.22964,0.24285,0.075569,0.00073368,0,0,0
0,0.056246,0.25577,0.2984,0.28774,0.098875,0.0029603,0,0,0
0,0.048836,0.26973,0.34412,0.28507,0.051107,0.0011357,0,0,0
0,0.042091,0.25476,0.34249,0.25831,0.10102,0.0013292,0,0,0
0,0.078771,0.30838,0.24302,0.26089,0.1067,0.0022346,0,0,0
0,0.042232,0.16893,0.39216,0.36199,0.034691,0,0,0,0
0,0.034553,0.23171,0.46545,0.2561,0.012195,0,0,0,0
0,0.05787,0.19676,0.54167,0.2037,0,0,0,0,0
0,0.043678,0.21839,0.55632,0.17701,0.0045977,0,0,0,0
0,0.036684,0.19247,0.33921,0.36017,0.067175,0.0042878,0,0,0
0,0.025672,0.16626,0.29747,0.39201,0.11328,0.0052975,0,0,0
0,0.044767,0.27209,0.33547,0.28953,0.057558,0.0005814,0,0,0
0,0.04162,0.19835,0.30596,0.36445,0.089614,0,0,0,0
0,0.03452,0.18568,0.30087,0.38336,0.09484,0.00072674,0,0,0
0,0.045187,0.21415,0.43811,0.30059,0.0019646,0,0,0,0
0,0.038095,0.1881,0.55,0.22381,0,0,0,0,0
0,0.034091,0.17727,0.55,0.23409,0.0045455,0,0,0,0
0,0.042232,0.16893,0.39216,0.36199,0.034691,0,0,0,0
0,0.069323,0.34661,0.25896,0.24223,0.082869,0,0,0,0
0,0.075458,0.34872,0.23223,0.24542,0.097436,0.0007326,0,0,0
0,0.037885,0.26916,0.30705,0.27709,0.10661,0.0022026,0,0,0
0.16655,0.083634,0.12401,0.24874,0.32084,0.049748,0.0064888,0,0,0
0.18282,0.098282,0.10515,0.23368,0.29622,0.083849,0,0,0,0
0.18345,0.097122,0.10372,0.22362,0.29436,0.095923,0.0017986,0,0,0
0.2122,0.10875,0.13263,0.23342,0.20071,0.11052,0.0017683,0,0,0
0.2575,0.1358,0.16049,0.16226,0.16931,0.11464,0,0,0,0
0.42689,0.12264,0.10849,0.11557,0.16745,0.058962,0,0,0,0
0.299,0.13305,0.11445,0.15021,0.21888,0.082976,0.0014306,0,0,0
0.20314,0.109,0.1123,0.1858,0.22956,0.14864,0.011561,0,0,0
0.1925,0.085797,0.14203,0.27181,0.26532,0.038212,0.0043259,0,0,0
0.17345,0.10383,0.11858,0.20118,0.26372,0.1292,0.010029,0,0,0
0.23971,0.1107,0.11802,0.1903,0.21592,0.12443,0.00091491,0,0,0
0.299,0.13305,0.11445,0.15021,0.21888,0.082976,0.0014306,0,0,0
0.42689,0.12264,0.10849,0.11557,0.16745,0.058962,0,0,0,0
0.26716,0.15441,0.20343,0.12745,0.15196,0.095588,0,0,0,0
0.20364,0.094371,0.13576,0.25,0.23675,0.07947,0,0,0,0
0.17595,0.083162,0.10378,0.22955,0.33058,0.072165,0.004811,0,0,0
0.18987,0.078059,0.14487,0.24332,0.28762,0.04993,0.0063291,0,0,0
0.1616,0.088252,0.10946,0.20344,0.30888,0.12493,0.0034384,0,0,0
0.20132,0.11021,0.10066,0.23218,0.21602,0.13446,0.0051433,0,0,0
0.21123,0.1034,0.10857,0.23486,0.23043,0.11004,0.00073855,0.00073855,0,0
0.2834,0.10362,0.14981,0.19351,0.18851,0.081149,0,0,0,0
0.3026,0.14421,0.18203,0.17494,0.14421,0.052009,0,0,0,0
0.39034,0.14085,0.10463,0.12877,0.18109,0.054326,0,0,0,0
0.16248,0.081979,0.12925,0.26071,0.30355,0.054653,0.0073855,0,0,0
0.15962,0.089114,0.1207,0.21151,0.27975,0.13085,0.0084602,0,0,0
0.22332,0.11928,0.1157,0.20448,0.24126,0.095067,0.00089686,0,0,0
0.31388,0.11803,0.11673,0.16213,0.20233,0.0869,0,0,0,0
0.39034,0.14085,0.10463,0.12877,0.18109,0.054326,0,0,0,0
0.3026,0.14421,0.18203,0.17494,0.14421,0.052009,0,0,0,0
0.21123,0.1034,0.10857,0.23486,0.23043,0.11004,0.00073855,0.00073855,0,0
0.055459,0.058925,0.04535,0.074235,0.20191,0.5182,0.045638,0.00028885,0,0
0.030073,0.04292,0.048759,0.086715,0.26365,0.49985,0.028029,0,0,0
0.027168,0.0501,0.065055,0.10394,0.32926,0.39656,0.027916,0,0,0
0.028333,0.077102,0.082211,0.1117,0.36298,0.32559,0.012076,0,0,0
0.026104,0.075384,0.11735,0.14247,0.38863,0.24665,0.0034155,0,0,0
0.0243,0.080332,0.13779,0.1538,0.44225,0.16152,0,0,0,0
0.038402,0.089478,0.18971,0.26421,0.34178,0.076421,0,0,0,0
0.044891,0.11672,0.23856,0.29158,0.27619,0.032065,0,0,0,0
0.052784,0.16241,0.44548,0.21868,0.099768,0.020882,0,0,0,0
0.062588,0.21449,0.49437,0.14838,0.067511,0.012658,0,0,0,0
0.079365,0.31032,0.47222,0.1,0.038095,0,0,0,0,0
0.091139,0.28987,0.41266,0.17911,0.026582,0.00063291,0,0,0,0
0.10359,0.3623,0.32592,0.19757,0.010611,0,0,0,0,0
0.063691,0.22768,0.43932,0.23571,0.033601,0,0,0,0,0
0.070661,0.17128,0.38836,0.31543,0.04918,0.0050876,0,0,0,0
0.05,0.12143,0.31122,0.35153,0.13571,0.030102,0,0,0,0
0.036824,0.12099,0.25442,0.33907,0.17599,0.072692,0,0,0,0
0.03604,0.093206,0.17896,0.31276,0.2237,0.15369,0.001657,0,0,0
0.032754,0.076537,0.16076,0.25668,0.24064,0.22828,0.0043449,0,0,0
0.027174,0.067506,0.12872,0.21997,0.25172,0.2909,0.014016,0,0,0
0.034631,0.084564,0.11329,0.14685,0.23812,0.35087,0.031678,0,0,0
0.046217,0.083014,0.092729,0.12393,0.20665,0.38828,0.058875,0.00029438,0,0
0.034149,0.065277,0.063765,0.092475,0.29042,0.42248,0.030523,0.00090662,0,0
0.026246,0.050133,0.051902,0.088764,0.29077,0.46594,0.025951,0.0002949,0,0
0.034264,0.072652,0.083439,0.10723,0.24683,0.40958,0.046003,0,0,0
0.037076,0.079148,0.12411,0.16303,0.25559,0.3187,0.022351,0,0,0
0.032042,0.067428,0.12009,0.22987,0.2594,0.28169,0.0094734,0,0,0
0.03412,0.08167,0.1706,0.27223,0.2363,0.2029,0.0021779,0,0,0
0.036463,0.12716,0.21969,0.33364,0.18778,0.09526,0,0,0,0
0.05,0.12143,0.31122,0.35153,0.13571,0.030102,0,0,0,0
0.047175,0.15963,0.36862,0.33626,0.073505,0.014811,0,0,0,0
0.056781,0.21334,0.42668,0.27563,0.027563,0,0,0,0,0
0.066334,0.28678,0.41297,0.21147,0.022444,0,0,0,0,0
0.094236,0.34687,0.3609,0.18947,0.0085213,0,0,0,0,0
0.097059,0.25647,0.41235,0.19647,0.037059,0.00058824,0,0,0,0
0.10291,0.31108,0.43048,0.12804,0.027494,0,0,0,0,0
0.074752,0.2479,0.50191,0.11518,0.055683,0.0045767,0,0,0,0
0.052784,0.16241,0.44548,0.21868,0.099768,0.020882,0,0,0,0
0.043701,0.13482,0.28591,0.29754,0.21292,0.025105,0,0,0,0
0.038402,0.089478,0.18971,0.26421,0.34178,0.076421,0,0,0,0
0.030386,0.079208,0.15295,0.19802,0.37385,0.16559,0,0,0,0
0.023764,0.076108,0.13616,0.18144,0.38632,0.19525,0.00096339,0,0,0
0.030202,0.065398,0.11605,0.1327,0.38098,0.26944,0.0052319,0,0,0
0.032434,0.071496,0.066525,0.10985,0.36813,0.33712,0.014441,0,0,0
0.048674,0.053046,0.052754,0.077528,0.2116,0.51151,0.044593,0.00029146,0,0
0.026659,0.04295,0.055687,0.090936,0.29917,0.45735,0.027251,0,0,0
0.028986,0.044661,0.048802,0.090506,0.26649,0.4824,0.037267,0.00088731,0,0
0.032399,0.067555,0.067785,0.10754,0.37454,0.32721,0.022978,0,0,0
0.028033,0.07274,0.11696,0.13871,0.39391,0.24166,0.0079749,0,0,0
0.092354,0.31231,0.34757,0.1852,0.060079,0.0024826,0,0,0,0
0.10224,0.37955,0.3187,0.18354,0.01596,0,0,0,0,0
0.081721,0.294,0.39217,0.21518,0.016925,0,0,0,0,0
0.065369,0.2021,0.38972,0.28643,0.052894,0.003493,0,0,0,0
0.054846,0.16785,0.35556,0.31962,0.088889,0.013239,0,0,0,0
0.045251,0.13396,0.31362,0.33513,0.14516,0.026882,0,0,0,0
0.037728,0.12576,0.23547,0.34345,0.20945,0.048135,0,0,0,0
0.034105,0.11612,0.16849,0.33455,0.23467,0.11165,0.00040601,0,0,0
0.03735,0.07611,0.15363,0.27414,0.27237,0.18499,0.0014094,0,0,0
0.026748,0.07523,0.1538,0.20925,0.28922,0.24074,0.0050153,0,0,0
0.031939,0.069077,0.12974,0.19089,0.26962,0.28968,0.019064,0,0,0
0.035705,0.074537,0.099036,0.12145,0.24707,0.38207,0.040136,0,0,0
0.023162,0.049218,0.053851,0.097279,0.31152,0.43775,0.026925,0.00028952,0,0
0.027075,0.044438,0.065038,0.10712,0.38876,0.35021,0.017363,0,0,0
0.028875,0.068374,0.071915,0.12558,0.23808,0.42414,0.042768,0.00027241,0,0
0.031375,0.076444,0.11404,0.16484,0.25896,0.32694,0.02739,0,0,0
0.02666,0.066901,0.13078,0.21605,0.28194,0.26585,0.011569,0.00025151,0,0
0.03735,0.07611,0.15363,0.27414,0.27237,0.18499,0.0014094,0,0,0
0.034105,0.11612,0.16849,0.33455,0.23467,0.11165,0.00040601,0,0,0
0.037728,0.12576,0.23547,0.34345,0.20945,0.048135,0,0,0,0
0.045251,0.13396,0.31362,0.33513,0.14516,0.026882,0,0,0,0
0.054846,0.16785,0.35556,0.31962,0.088889,0.013239,0,0,0,0
0.065369,0.2021,0.38972,0.28643,0.052894,0.003493,0,0,0,0
0.065934,0.27423,0.4006,0.24975,0.0094905,0,0,0,0,0
0.079051,0.34832,0.38093,0.18281,0.0088933,0,0,0,0,0
0.097314,0.36036,0.32438,0.185,0.032438,0.00050684,0,0,0,0
0.028755,0.076494,0.134,0.15271,0.40034,0.20547,0.0022334,0,0,0
0.029942,0.068772,0.10643,0.12515,0.38269,0.27135,0.015673,0,0,0
0.033948,0.047995,0.046825,0.088382,0.23793,0.50015,0.044483,0.00029265,0,0
0.012472,0.019809,0.024578,0.10088,0.41489,0.34409,0.073368,0.0099046,0,0
0.0084342,0.020535,0.026403,0.090576,0.40961,0.35204,0.083975,0.0077008,0.00073341,0
0.017347,0.039031,0.032526,0.068666,0.36682,0.39754,0.074449,0.003614,0,0
0.031215,0.054532,0.05566,0.081986,0.29522,0.40805,0.072208,0.0011282,0,0
0.058149,0.084041,0.078098,0.097199,0.29287,0.34805,0.040747,0.0008489,0,0
0.073803,0.11926,0.10313,0.11926,0.31281,0.25318,0.017107,0.0014663,0,0
0.069508,0.13967,0.12262,0.16131,0.32328,0.16262,0.019672,0.0013115,0,0
0.093093,0.17718,0.14815,0.2002,0.25425,0.099099,0.026026,0.002002,0,0
0.1358,0.22222,0.17747,0.20216,0.16512,0.069444,0.024691,0.0030864,0,0
0.20742,0.22489,0.22489,0.19651,0.11572,0.021834,0.0087336,0,0,0
0.14807,0.23935,0.20284,0.25152,0.14199,0.010142,0.0060852,0,0,0
0.12568,0.2,0.16216,0.2473,0.23784,0.024324,0.0027027,0,0,0
0.095954,0.20925,0.15029,0.20809,0.2659,0.065896,0.0046243,0,0,0
0.090528,0.18106,0.14417,0.19279,0.26823,0.11987,0.0033529,0,0,0
0.043159,0.078512,0.072544,0.10882,0.24472,0.37557,0.076676,0,0,0
0.033577,0.068446,0.070598,0.10073,0.25872,0.35601,0.11149,0.00043048,0,0
0.019831,0.059072,0.053586,0.075105,0.25992,0.37384,0.1557,0.0029536,0,0
0.010115,0.023601,0.025961,0.091032,0.33479,0.36986,0.12744,0.015846,0.0013486,0
0.011864,0.017627,0.025085,0.079322,0.36068,0.36237,0.12983,0.012881,0.00033898,0
0.014209,0.038018,0.039171,0.081797,0.28379,0.41398,0.11982,0.0092166,0,0
0.023097,0.057742,0.063302,0.076133,0.2592,0.36997,0.14885,0.0017109,0,0
0.042411,0.077679,0.075446,0.095089,0.25446,0.34598,0.10714,0.0017857,0,0
0.061829,0.10833,0.094021,0.12724,0.25907,0.30761,0.040879,0.001022,0,0
0.065443,0.14067,0.11131,0.15963,0.27156,0.22813,0.021407,0.0018349,0,0
0.082651,0.18019,0.11988,0.17945,0.27625,0.15488,0.0052122,0.0014892,0,0
0.10537,0.1922,0.17366,0.18634,0.2439,0.096585,0.0019512,0,0,0
0.12568,0.2,0.16216,0.2473,0.23784,0.024324,0.0027027,0,0,0
0.12625,0.23588,0.19601,0.25748,0.16611,0.016611,0.0016611,0,0,0
0.16102,0.23093,0.23729,0.26059,0.095339,0.014831,0,0,0,0
0.17773,0.23769,0.20343,0.2591,0.10493,0.014989,0.0021413,0,0,0
0.15579,0.24211,0.20211,0.21053,0.11579,0.046316,0.025263,0.0021053,0,0
0.10159,0.19584,0.17993,0.1836,0.22644,0.080783,0.026928,0.004896,0,0
0.051282,0.072446,0.070004,0.10012,0.29223,0.36304,0.050875,0,0,0
0.039208,0.069488,0.061335,0.099379,0.30202,0.37422,0.053183,0.0011646,0,0
0.017347,0.039031,0.032526,0.068666,0.36682,0.39754,0.074449,0.003614,0,0
0.0091912,0.021324,0.020956,0.096691,0.41985,0.34485,0.079044,0.0080882,0,0
0.010173,0.01865,0.025771,0.072906,0.34554,0.36962,0.14174,0.01492,0.0006782,0
0.017651,0.032926,0.032247,0.051935,0.30855,0.42159,0.12831,0.0067889,0,0
0.028496,0.061117,0.058868,0.073116,0.26397,0.41132,0.10199,0.0011249,0,0
0.044464,0.076722,0.084133,0.08544,0.2816,0.36922,0.05667,0.0017437,0,0
0.071189,0.095059,0.097571,0.090871,0.21064,0.36265,0.069514,0.0025126,0,0
0.083674,0.11642,0.10005,0.10641,0.2292,0.31696,0.04502,0.001819,0.00045475,0
0.066038,0.1421,0.11851,0.13384,0.25708,0.24469,0.035377,0.0023585,0,0
0.085456,0.17831,0.12983,0.16845,0.24897,0.15694,0.028759,0.0032868,0,0
0.10964,0.2074,0.1572,0.18626,0.21664,0.091149,0.029062,0.002642,0,0
0.13993,0.23891,0.18942,0.17747,0.17747,0.054608,0.015358,0.0068259,0,0
0.1329,0.22204,0.17018,0.24635,0.18314,0.030794,0.012966,0.0016207,0,0
0.17736,0.21132,0.18868,0.26226,0.14717,0.0056604,0.0075472,0,0,0
0.13011,0.24164,0.23792,0.22677,0.14312,0.016729,0.0037175,0,0,0
0.11966,0.18234,0.17094,0.20228,0.27778,0.042735,0.0042735,0,0,0
0.11013,0.18062,0.163,0.17731,0.26322,0.10132,0.0044053,0,0,0
0.043744,0.10019,0.07667,0.094544,0.23189,0.34243,0.1096,0.00094073,0,0
0.044639,0.079153,0.079153,0.1399,0.30465,0.32582,0.026691,0,0,0
0.04535,0.082455,0.072836,0.1333,0.30692,0.32936,0.028859,0.00091617,0,0
0.016956,0.033911,0.041233,0.10019,0.32871,0.40347,0.070906,0.0046243,0,0
0.012537,0.022124,0.037242,0.10103,0.41519,0.33628,0.068953,0.0066372,0,0
0.015235,0.017659,0.023546,0.1385,0.41032,0.3151,0.071676,0.0076177,0.00034626,0
0.015235,0.017659,0.023546,0.1385,0.41032,0.3151,0.071676,0.0076177,0.00034626,0
0.012677,0.030574,0.036167,0.087994,0.39746,0.36428,0.065623,0.00522,0,0
0.026824,0.039053,0.043393,0.10138,0.286,0.41144,0.089546,0.0023669,0,0
0.033054,0.067364,0.069038,0.11925,0.28075,0.37992,0.050628,0,0,0
0.043839,0.08168,0.078911,0.12967,0.30595,0.33133,0.02815,0.00046147,0,0
0.04159,0.073126,0.073583,0.090037,0.24589,0.35832,0.11746,0,0,0
0.035632,0.08422,0.070338,0.10227,0.25451,0.35493,0.097177,0.0009255,0,0
0.058483,0.11697,0.086934,0.12223,0.2608,0.28293,0.069547,0.0021075,0,0
0.060961,0.12603,0.11137,0.13247,0.25381,0.26788,0.046307,0.00058617,0.00058617,0
0.091954,0.15862,0.13716,0.15019,0.27816,0.16475,0.019157,0,0,0
0.11013,0.18062,0.163,0.17731,0.26322,0.10132,0.0044053,0,0,0
0.11966,0.18234,0.17094,0.20228,0.27778,0.042735,0.0042735,0,0,0
0.1444,0.24007,0.20217,0.22022,0.17148,0.019856,0.0018051,0,0,0
0.17736,0.21132,0.18868,0.26226,0.14717,0.0056604,0.0075472,0,0,0
0.14464,0.23571,0.17679,0.22143,0.16786,0.042857,0.0089286,0.0017857,0,0
0.11544,0.23245,0.17629,0.16225,0.20593,0.081123,0.021841,0.0046802,0,0
0.10446,0.16904,0.151,0.17189,0.24217,0.12821,0.02754,0.005698,0,0
0.062284,0.16747,0.13356,0.14118,0.27128,0.19377,0.02699,0.0034602,0,0
0.075381,0.10327,0.1024,0.094989,0.21525,0.34902,0.057081,0.0026144,0,0
0.017651,0.032926,0.032247,0.051935,0.30855,0.42159,0.12831,0.0067889,0,0
0.0083925,0.01969,0.027114,0.059716,0.306,0.42705,0.13493,0.015171,0.0019367,0
0.010139,0.013518,0.02636,0.087868,0.37242,0.35857,0.11964,0.010814,0.0006759,0
0,0,0.067653,0.34249,0.31783,0.23608,0.031712,0.0042283,0,0
0,0,0.059513,0.24883,0.291,0.34208,0.056701,0.0018744,0,0
0,0,0.044296,0.25607,0.27488,0.31857,0.10619,0,0,0
0,0,0.067866,0.23058,0.21586,0.40638,0.078496,0.00081766,0,0
0,0,0.16412,0.20693,0.15291,0.3945,0.081549,0,0,0
0,0,0.285,0.2225,0.14,0.32625,0.02625,0,0,0
0,0,0.046455,0.10758,0.33007,0.49878,0.017115,0,0,0
0,0,0.025974,0.11688,0.41039,0.44156,0.0051948,0,0,0
0,0,0.036082,0.12113,0.40722,0.40979,0.025773,0,0,0
0,0,0.027834,0.15343,0.31432,0.43245,0.071283,0.00067889,0,0
0,0,0.057722,0.24506,0.28962,0.34937,0.055696,0.0025316,0,0
0,0,0.037,0.165,0.355,0.3685,0.0725,0.002,0,0
0,0,0.033531,0.11736,0.30178,0.43886,0.10799,0.0004931,0,0
0,0,0.03876,0.11886,0.43152,0.39276,0.018088,0,0,0
0,0,0.016438,0.13699,0.43014,0.41644,0,0,0,0
0,0,0.046455,0.10758,0.33007,0.49878,0.017115,0,0,0
0,0,0.285,0.2225,0.14,0.32625,0.02625,0,0,0
0,0,0.19444,0.21875,0.13079,0.38079,0.075231,0,0,0
0,0,0.068732,0.21975,0.19167,0.43853,0.081317,0,0,0
0,0,0.067866,0.23058,0.21586,0.40638,0.078496,0.00081766,0,0
0,0,0.044296,0.25607,0.27488,0.31857,0.10619,0,0,0
0,0,0.070248,0.32438,0.33471,0.22658,0.041322,0.0027548,0,0
0,0,0.062532,0.22928,0.28978,0.35079,0.065074,0.0025419,0,0
0,0,0.065634,0.33481,0.30605,0.24115,0.047198,0.0051622,0,0
0,0,0.041844,0.2547,0.28623,0.30746,0.10855,0.0012129,0,0
0,0,0.074653,0.24653,0.21354,0.35938,0.10503,0.00086806,0,0
0,0,0.15385,0.25275,0.15476,0.3489,0.089744,0,0,0
0,0,0.22357,0.27339,0.12515,0.32564,0.052248,0,0,0
0,0,0.04955,0.12838,0.25901,0.49099,0.072072,0,0,0
0,0,0.032338,0.1194,0.36318,0.45522,0.029851,0,0,0
0,0,0.032172,0.14745,0.42895,0.38338,0.0080429,0,0,0
0,0,0.041667,0.09375,0.3724,0.49219,0,0,0,0
0,0,0.028986,0.11353,0.36473,0.49034,0.0024155,0,0,0
0,0,0.040171,0.16239,0.28376,0.43248,0.080342,0.0008547,0,0
0,0,0.067805,0.23188,0.31108,0.33385,0.049689,0.0056936,0,0
0,0,0.042295,0.16432,0.33593,0.35683,0.096743,0.0038892,0,0
0,0,0.032039,0.18252,0.2767,0.44175,0.06699,0,0,0
0,0,0.033482,0.12946,0.32589,0.4933,0.017857,0,0,0
0,0,0.041667,0.09375,0.3724,0.49219,0,0,0,0
0,0,0.047368,0.11579,0.41842,0.40789,0.010526,0,0,0
0,0,0.22357,0.27339,0.12515,0.32564,0.052248,0,0,0
0,0,0.15385,0.25275,0.15476,0.3489,0.089744,0,0,0
0,0,0.074653,0.24653,0.21354,0.35938,0.10503,0.00086806,0,0
0,0,0.043342,0.25251,0.28266,0.31219,0.10741,0.0018844,0,0
0,0,0.080597,0.33881,0.32015,0.21791,0.03806,0.0044776,0,0
0,0,0.019819,0.12854,0.28596,0.34315,0.19196,0.030011,0.00056625,0
0,0,0.017978,0.096629,0.23221,0.44944,0.17678,0.026966,0,0
0,0,0.027219,0.13136,0.32071,0.39408,0.11716,0.0094675,0,0
0,0,0.01931,0.15586,0.39172,0.34621,0.086897,0,0,0
0,0,0.026866,0.14776,0.38955,0.35224,0.08209,0.0014925,0,0
0,0,0.028916,0.24337,0.37831,0.2506,0.093976,0.0048193,0,0
0,0,0.074157,0.21573,0.43596,0.26067,0.013483,0,0,0
0,0,0.050676,0.20608,0.39865,0.30743,0.035473,0.0016892,0,0
0,0,0.018296,0.082593,0.24151,0.39415,0.20857,0.053319,0.0015682,0
0,0,0.018258,0.098592,0.26187,0.37141,0.20605,0.043297,0.00052165,0
0,0,0.035945,0.1064,0.24874,0.45363,0.13012,0.025162,0,0
0,0,0.033658,0.13375,0.31532,0.40213,0.10009,0.015058,0,0
0,0,0.039818,0.1661,0.35609,0.36746,0.069397,0.0011377,0,0
0,0,0.037787,0.21323,0.39676,0.31984,0.032389,0,0,0
0,0,0.050676,0.20608,0.39865,0.30743,0.035473,0.0016892,0,0
0,0,0.074157,0.21573,0.43596,0.26067,0.013483,0,0,0
0,0,0.028916,0.24337,0.37831,0.2506,0.093976,0.0048193,0,0
0,0,0.039146,0.16014,0.40214,0.28648,0.10498,0.0071174,0,0
0,0,0.020207,0.095855,0.24404,0.37513,0.2114,0.053368,0,0
0,0,0.016282,0.096639,0.25473,0.37605,0.20798,0.047269,0.0010504,0
0,0,0.011029,0.090861,0.22899,0.3729,0.23214,0.060924,0.0026261,0.00052521
0,0,0.0089419,0.074516,0.20939,0.48286,0.17586,0.044709,0.0037258,0
0,0,0.014599,0.091762,0.27842,0.45777,0.13452,0.022941,0,0
0,0,0.017906,0.12259,0.33058,0.39945,0.12259,0.0068871,0,0
0,0,0.024887,0.15385,0.40045,0.3552,0.065611,0,0,0
0,0,0.051724,0.20936,0.32512,0.37931,0.034483,0,0,0
0,0,0.06,0.15333,0.28333,0.395,0.10833,0,0,0
0,0,0.041607,0.17791,0.25968,0.42611,0.088953,0.0057389,0,0
0,0,0.045153,0.18459,0.34263,0.36786,0.058433,0.001328,0,0
0,0,0.014354,0.094631,0.26422,0.3865,0.20255,0.037746,0,0
0,0,0.019618,0.091198,0.2508,0.38759,0.2052,0.044539,0.0010604,0
0,0,0.027534,0.10662,0.27299,0.43468,0.14236,0.015817,0,0
0,0,0.044992,0.13497,0.32683,0.39559,0.089134,0.008489,0,0
0,0,0.036005,0.19744,0.32869,0.36818,0.068525,0.0011614,0,0
0,0,0.0089419,0.074516,0.20939,0.48286,0.17586,0.044709,0.0037258,0
0,0,0.011029,0.090861,0.22899,0.3729,0.23214,0.060924,0.0026261,0.00052521
0.014342,0.036924,0.037839,0.10558,0.18493,0.34971,0.25816,0.012511,0,0
0.022873,0.05276,0.065569,0.072278,0.15828,0.36658,0.24916,0.012504,0,0
0.02901,0.051017,0.083028,0.10437,0.16205,0.38279,0.17839,0.0093364,0,0
0.026407,0.064628,0.10493,0.14003,0.18798,0.31862,0.15532,0.0020848,0,0
0.037175,0.095167,0.15762,0.17026,0.15539,0.26245,0.1197,0.0022305,0,0
0.046789,0.12505,0.22544,0.21353,0.13526,0.18162,0.068907,0.0034028,0,0
0.065434,0.16833,0.29303,0.25794,0.098151,0.089616,0.027501,0,0,0
0.075115,0.19315,0.34696,0.23148,0.084824,0.054676,0.013797,0,0,0
0.09039,0.20312,0.35688,0.25922,0.065974,0.024416,0,0,0,0
0.096404,0.24226,0.3996,0.20779,0.041459,0.012488,0,0,0,0
0.078031,0.19461,0.25267,0.2104,0.11937,0.11008,0.032977,0.0018579,0,0
0.063747,0.1804,0.21292,0.1791,0.15742,0.15395,0.050304,0.0021683,0,0
0.037801,0.093814,0.090378,0.14914,0.13986,0.3055,0.17732,0.0061856,0,0
0.012876,0.041268,0.044239,0.097392,0.2037,0.36018,0.23341,0.006933,0,0
0.035679,0.075286,0.08707,0.12864,0.15123,0.30867,0.20524,0.0081833,0,0
0.032755,0.10058,0.13526,0.14181,0.17033,0.27476,0.14104,0.0034682,0,0
0.041583,0.12035,0.17353,0.15514,0.16993,0.2495,0.086365,0.0035986,0,0
0.063747,0.1804,0.21292,0.1791,0.15742,0.15395,0.050304,0.0021683,0,0
0.078031,0.19461,0.25267,0.2104,0.11937,0.11008,0.032977,0.0018579,0,0
0.074223,0.20762,0.34052,0.22919,0.073721,0.064694,0.01003,0,0,0
0.093813,0.21653,0.38387,0.22921,0.051217,0.025355,0,0,0,0
0.096708,0.26543,0.42027,0.16975,0.037551,0.010288,0,0,0,0
0.055139,0.13145,0.24173,0.24261,0.11822,0.15571,0.052051,0.0030878,0,0
0.028728,0.056811,0.066172,0.102,0.16979,0.38541,0.18302,0.0080697,0,0
0.014985,0.033945,0.03945,0.087462,0.18257,0.32294,0.29694,0.021713,0,0
0.014502,0.040541,0.042189,0.10086,0.20138,0.3474,0.24094,0.012195,0,0
0.024294,0.068615,0.07715,0.06566,0.17663,0.33191,0.24622,0.0095207,0,0
0.030794,0.061912,0.073258,0.1034,0.17277,0.38379,0.17115,0.0029173,0,0
0.028431,0.061425,0.11443,0.13724,0.18392,0.32503,0.14637,0.003159,0,0
0.040789,0.093949,0.15246,0.1568,0.1655,0.26613,0.1217,0.0026747,0,0
0.051755,0.12868,0.19603,0.17653,0.14428,0.21588,0.07905,0.0077987,0,0
0.069396,0.16335,0.24951,0.19259,0.11891,0.15984,0.040546,0.005848,0,0
0.078187,0.18925,0.30609,0.20791,0.10351,0.083074,0.031986,0,0,0
0.090726,0.24748,0.36643,0.1628,0.061996,0.052923,0.017641,0,0,0
0.09686,0.28047,0.42257,0.13465,0.042044,0.022885,0.0005322,0,0,0
0.13219,0.30736,0.41161,0.11553,0.030091,0.0032241,0,0,0,0
0.074219,0.21045,0.25244,0.2168,0.11035,0.10596,0.028809,0.00097656,0,0
0.060606,0.18654,0.18221,0.16568,0.17119,0.19441,0.037387,0.0019677,0,0
0.04869,0.14271,0.14137,0.16051,0.1642,0.28207,0.058764,0.001679,0,0
0.036275,0.095752,0.088562,0.14248,0.14739,0.30523,0.1781,0.0062092,0,0
0.012327,0.040589,0.031269,0.072159,0.17348,0.34215,0.29284,0.035177,0,0
0.012327,0.040589,0.031269,0.072159,0.17348,0.34215,0.29284,0.035177,0,0
0.025599,0.05087,0.05448,0.090581,0.1513,0.36856,0.25697,0.001641,0,0
0.033425,0.068573,0.085803,0.11854,0.14507,0.32874,0.21227,0.007581,0,0
0.04249,0.097167,0.094862,0.14855,0.1446,0.32444,0.14361,0.0042819,0,0
0.050401,0.12327,0.12392,0.15441,0.15795,0.29535,0.090851,0.0038523,0,0
0.064375,0.15728,0.17264,0.15399,0.16533,0.23811,0.045355,0.0029261,0,0
0.064996,0.18267,0.20603,0.18946,0.15038,0.16568,0.038233,0.0025489,0,0
0.074219,0.21045,0.25244,0.2168,0.11035,0.10596,0.028809,0.00097656,0,0
0.089093,0.2554,0.33261,0.18467,0.063175,0.068035,0.0070194,0,0,0
0.11498,0.27004,0.40823,0.15506,0.03903,0.012658,0,0,0,0
0.09686,0.28047,0.42257,0.13465,0.042044,0.022885,0.0005322,0,0,0
0.073845,0.21772,0.34254,0.19438,0.080991,0.064316,0.026203,0,0,0
0.051755,0.12868,0.19603,0.17653,0.14428,0.21588,0.07905,0.0077987,0,0
0.02872,0.078893,0.13495,0.14844,0.18478,0.28893,0.13322,0.0020761,0,0
0.023514,0.065502,0.079946,0.1169,0.17669,0.38159,0.15317,0.0026873,0,0
0.024294,0.068615,0.07715,0.06566,0.17663,0.33191,0.24622,0.0095207,0,0
0.013848,0.043851,0.044181,0.097923,0.23343,0.3452,0.21827,0.0032971,0,0
0.024044,0.088471,0.14612,0.24168,0.33508,0.14488,0.019729,0,0,0
0.012852,0.065789,0.13892,0.23164,0.34914,0.17075,0.0306,0.000306,0,0
0.018828,0.050807,0.097131,0.27346,0.3679,0.18051,0.011357,0,0,0
0.01896,0.061491,0.14681,0.33231,0.31079,0.12708,0.0025621,0,0,0
0.028104,0.090004,0.2259,0.33903,0.24297,0.073995,0,0,0,0
0.036994,0.11254,0.30101,0.36449,0.15187,0.0331,0,0,0,0
0.049464,0.14798,0.37345,0.32275,0.092333,0.014015,0,0,0,0
0.060475,0.18704,0.42073,0.25788,0.064363,0.0095032,0,0,0,0
0.095491,0.24271,0.43413,0.18479,0.041998,0.00088417,0,0,0,0
0.098482,0.36833,0.3436,0.16139,0.0282,0,0,0,0,0
0.10446,0.32453,0.37655,0.14781,0.046243,0.00041288,0,0,0,0
0.082478,0.28088,0.37856,0.17788,0.076777,0.0034208,0,0,0,0
0.088725,0.28133,0.36192,0.16155,0.10055,0.0048059,0.00073937,0.00036969,0,0
0.079371,0.23668,0.32177,0.21988,0.13371,0.0064355,0.00035753,0.0010726,0.00071505,0
0.06718,0.18894,0.27012,0.29391,0.17005,0.0097971,0,0,0,0
0.05488,0.14415,0.21917,0.32789,0.2289,0.025009,0,0,0,0
0.035094,0.11029,0.1768,0.2988,0.31952,0.058824,0.00066845,0,0,0
0.037197,0.095148,0.14771,0.28706,0.33908,0.091375,0.0021563,0.00026954,0,0
0.030197,0.074869,0.11031,0.22061,0.39431,0.16247,0.0069878,0.00024956,0,0
0.019269,0.051877,0.091897,0.19022,0.39303,0.23147,0.020751,0.0014822,0,0
0.012817,0.034863,0.064342,0.17329,0.37375,0.29967,0.036657,0.0046142,0,0
0.015482,0.047018,0.094897,0.1961,0.34404,0.25573,0.043578,0.0025803,0.00057339,0
0.0098714,0.052049,0.1035,0.22973,0.3434,0.21538,0.044571,0.0014957,0,0
0.016905,0.04401,0.10463,0.20577,0.3413,0.24016,0.043719,0.0023317,0.0011658,0
0.012817,0.034863,0.064342,0.17329,0.37375,0.29967,0.036657,0.0046142,0,0
0.022828,0.058174,0.10285,0.20496,0.40059,0.19539,0.014482,0.00073638,0,0
0.030124,0.0793,0.12693,0.22992,0.39598,0.13311,0.0046344,0,0,0
0.035401,0.082876,0.13337,0.26098,0.37761,0.10648,0.0027442,0.00054885,0,0
0.033312,0.10679,0.17864,0.29686,0.32691,0.056172,0.0013063,0,0,0
0.05488,0.14415,0.21917,0.32789,0.2289,0.025009,0,0,0,0
0.06718,0.18894,0.27012,0.29391,0.17005,0.0097971,0,0,0,0
0.069662,0.19714,0.29606,0.26681,0.15604,0.013236,0.0010449,0,0,0
0.079371,0.23668,0.32177,0.21988,0.13371,0.0064355,0.00035753,0.0010726,0.00071505,0
0.088725,0.28133,0.36192,0.16155,0.10055,0.0048059,0.00073937,0.00036969,0,0
0.10774,0.32123,0.36393,0.15323,0.052674,0.0011971,0,0,0,0
0.095491,0.24271,0.43413,0.18479,0.041998,0.00088417,0,0,0,0
0.060475,0.18704,0.42073,0.25788,0.064363,0.0095032,0,0,0,0
0.049464,0.14798,0.37345,0.32275,0.092333,0.014015,0,0,0,0
0.036994,0.11254,0.30101,0.36449,0.15187,0.0331,0,0,0,0
0.032914,0.093565,0.25074,0.35244,0.21228,0.057692,0.00036982,0,0,0
0.020854,0.074617,0.15803,0.32747,0.30759,0.10981,0.0016292,0,0,0
0.020603,0.052261,0.11482,0.2995,0.35402,0.15302,0.0057789,0,0,0
0.014652,0.072039,0.13675,0.23626,0.34829,0.16514,0.026862,0,0,0
0.012261,0.046053,0.10646,0.23445,0.35078,0.20634,0.04366,0,0,0
0.011058,0.038852,0.1058,0.22863,0.35146,0.21787,0.045427,0.00089659,0,0
0.016203,0.054112,0.087435,0.22378,0.39896,0.19994,0.01926,0,0.00030572,0
0.015218,0.051055,0.11046,0.28179,0.36181,0.17428,0.0054001,0,0,0
0.022244,0.061896,0.15442,0.34623,0.29207,0.12025,0.0029014,0,0,0
0.029197,0.082117,0.21861,0.37664,0.21825,0.074818,0.00036496,0,0,0
0.031323,0.10767,0.28191,0.39428,0.14722,0.037588,0,0,0,0
0.073311,0.13797,0.39827,0.29984,0.078254,0.012356,0,0,0,0
0.085202,0.20995,0.44191,0.20424,0.05585,0.0028536,0,0,0,0
0.09252,0.29291,0.38937,0.16969,0.053937,0.0015748,0,0,0,0
0.057237,0.23697,0.42326,0.18265,0.09588,0.0040102,0,0,0,0
0.059511,0.21942,0.30741,0.27236,0.13436,0.0069368,0,0,0,0
0.05661,0.15577,0.24473,0.3474,0.18073,0.014768,0,0,0,0
0.049043,0.09913,0.20661,0.32243,0.28591,0.03687,0,0,0,0
0.026715,0.095646,0.16689,0.31992,0.32718,0.061675,0.0019789,0,0,0
0.029181,0.086139,0.13973,0.29405,0.35017,0.097643,0.0028058,0.00028058,0,0
0.028106,0.070922,0.11847,0.23536,0.38613,0.15655,0.0039401,0.00052535,0,0
0.020326,0.048181,0.092346,0.1872,0.38645,0.24442,0.020326,0.00075282,0,0
0.016282,0.035821,0.065943,0.18453,0.36364,0.29118,0.038806,0.0037992,0,0
0.013154,0.032586,0.09417,0.21286,0.32915,0.26158,0.053812,0.0026906,0,0
0.020326,0.048181,0.092346,0.1872,0.38645,0.24442,0.020326,0.00075282,0,0
0.024961,0.069995,0.11194,0.228,0.39192,0.1665,0.0059187,0.000772,0,0
0.030126,0.076987,0.13278,0.28173,0.36597,0.10934,0.0030683,0,0,0
0.03104,0.08557,0.15101,0.30089,0.32774,0.10011,0.0030761,0.00055928,0,0
0.049043,0.09913,0.20661,0.32243,0.28591,0.03687,0,0,0,0
0.05661,0.15577,0.24473,0.3474,0.18073,0.014768,0,0,0,0
0.059511,0.21942,0.30741,0.27236,0.13436,0.0069368,0,0,0,0
0.065065,0.25508,0.38521,0.19372,0.096488,0.0044362,0,0,0,0
0.096875,0.29531,0.37773,0.16758,0.061328,0.0011719,0,0,0,0
0.085202,0.20995,0.44191,0.20424,0.05585,0.0028536,0,0,0,0
0.073311,0.13797,0.39827,0.29984,0.078254,0.012356,0,0,0,0
0.041365,0.11365,0.31606,0.38434,0.11767,0.026908,0,0,0,0
0.029197,0.082117,0.21861,0.37664,0.21825,0.074818,0.00036496,0,0,0
0.015896,0.048555,0.11301,0.30289,0.3526,0.15549,0.011561,0,0,0
0.016353,0.045516,0.077678,0.21177,0.38267,0.25375,0.01172,0,0.00054511,0
0,0,0,0.12806,0.25942,0.52072,0.091337,0.00047081,0,0
0,0,0,0.12945,0.19709,0.60873,0.064727,0,0,0
0,0,0,0.12988,0.21163,0.60581,0.051771,0.00090827,0,0
0,0,0,0.21812,0.236,0.50656,0.035757,0.0035757,0,0
0,0,0,0.19878,0.3854,0.41379,0.0020284,0,0,0
0,0,0,0.18468,0.5045,0.30856,0.0022523,0,0,0
0,0,0,0.44514,0.23093,0.31452,0.0094044,0,0,0
0,0,0,0.21313,0.23471,0.47302,0.079137,0,0,0
0,0,0,0.16236,0.21471,0.49901,0.11862,0.0053015,0,0
0,0,0,0.13128,0.25347,0.51127,0.10355,0.00043328,0,0
0,0,0,0.13992,0.25597,0.44829,0.14974,0.0060833,0,0
0,0,0,0.21313,0.23471,0.47302,0.079137,0,0,0
0,0,0,0.20665,0.26485,0.50475,0.023753,0,0,0
0,0,0,0.44514,0.23093,0.31452,0.0094044,0,0,0
0,0,0,0.17928,0.42829,0.39243,0,0,0,0
0,0,0,0.23866,0.45585,0.30549,0,0,0,0
0,0,0,0.18468,0.5045,0.30856,0.0022523,0,0,0
0,0,0,0.19878,0.3854,0.41379,0.0020284,0,0,0
0,0,0,0.21812,0.236,0.50656,0.035757,0.0035757,0,0
0,0,0,0.14749,0.21967,0.57427,0.056485,0.0020921,0,0
0,0,0,0.14525,0.29536,0.48212,0.076821,0.0004415,0,0
0,0,0,0.13263,0.2079,0.57249,0.086983,0,0,0
0,0,0,0.12617,0.24486,0.57664,0.050467,0.0018692,0,0
0,0,0,0.23816,0.25766,0.48886,0.01532,0,0,0
0,0,0,0.17953,0.34899,0.46141,0.010067,0,0,0
0,0,0,0.16105,0.44569,0.39139,0.0018727,0,0,0
0,0,0,0.21429,0.4881,0.29563,0.0019841,0,0,0
0,0,0,0.4329,0.1829,0.34375,0.040441,0,0,0
0,0,0,0.17161,0.22263,0.47124,0.12894,0.0055659,0,0
0,0,0,0.13804,0.21595,0.46258,0.17546,0.007362,0.0006135,0
0,0,0,0.12838,0.25977,0.49592,0.11464,0.0012881,0,0
0,0,0,0.13453,0.20807,0.4713,0.17623,0.0098655,0,0
0,0,0,0.1404,0.19129,0.458,0.20233,0.0073574,0.00061312,0
0,0,0,0.4329,0.1829,0.34375,0.040441,0,0,0
0,0,0,0.18225,0.31696,0.45959,0.041204,0,0,0
0,0,0,0.22514,0.33021,0.43715,0.0075047,0,0,0
0,0,0,0.22545,0.45759,0.31696,0,0,0,0
0,0,0,0.21429,0.4881,0.29563,0.0019841,0,0,0
0,0,0,0.16105,0.44569,0.39139,0.0018727,0,0,0
0,0,0,0.13991,0.25688,0.54472,0.056193,0.0022936,0,0
0.070908,0.156,0.19206,0.19976,0.20502,0.16451,0.01175,0,0,0
0.046456,0.11093,0.13136,0.26312,0.29596,0.14497,0.0072087,0,0,0
0.041622,0.090779,0.12379,0.21744,0.30571,0.21493,0.0057409,0,0,0
0.044076,0.082464,0.11374,0.20379,0.42701,0.12654,0.0023697,0,0,0
0.039301,0.073612,0.088584,0.20711,0.5184,0.072988,0,0,0,0
0.043588,0.091366,0.11316,0.27494,0.40989,0.067058,0,0,0,0
0.04133,0.11051,0.12938,0.34771,0.32255,0.048518,0,0,0,0
0.05282,0.091316,0.16741,0.40107,0.26679,0.020591,0,0,0,0
0.055743,0.11402,0.19257,0.45017,0.18243,0.0050676,0,0,0,0
0.1317,0.19406,0.15035,0.19522,0.29953,0.029138,0,0,0,0
0.043677,0.10208,0.1615,0.31691,0.28796,0.087862,0,0,0,0
0.058633,0.13804,0.20175,0.27008,0.24838,0.080794,0.0023084,0,0,0
0.057758,0.17132,0.24278,0.24425,0.23103,0.052863,0,0,0,0
0.058633,0.13804,0.20175,0.27008,0.24838,0.080794,0.0023084,0,0,0
0.042034,0.10969,0.16333,0.22658,0.28583,0.16653,0.0060048,0,0,0
0.043677,0.10208,0.1615,0.31691,0.28796,0.087862,0,0,0,0
0.11374,0.18846,0.12802,0.2478,0.29396,0.028022,0,0,0,0
0.057604,0.11905,0.15899,0.32258,0.31183,0.029954,0,0,0,0
0.053077,0.097692,0.21846,0.38,0.24077,0.01,0,0,0,0
0.053448,0.086207,0.11638,0.30431,0.38793,0.051724,0,0,0,0
0.03331,0.083969,0.097849,0.23525,0.50937,0.04025,0,0,0,0
0.043764,0.082604,0.11707,0.20241,0.46171,0.092451,0,0,0,0
0.044076,0.082464,0.11374,0.20379,0.42701,0.12654,0.0023697,0,0,0
0.058125,0.16087,0.18952,0.18952,0.22268,0.16537,0.013917,0,0,0
0.10842,0.22752,0.19138,0.18973,0.24928,0.033676,0,0,0,0
0.072314,0.16116,0.22727,0.25785,0.25165,0.029752,0,0,0,0
0.041101,0.11772,0.15403,0.33799,0.30247,0.046688,0,0,0,0
0.051745,0.11552,0.2142,0.36041,0.24428,0.013839,0,0,0,0
0.054993,0.10637,0.20695,0.45514,0.17366,0.0028944,0,0,0,0
0.056827,0.11681,0.27624,0.4412,0.10892,0,0,0,0,0
0.046058,0.11944,0.28259,0.42233,0.12802,0.0015613,0,0,0,0
0.052836,0.15307,0.2028,0.37762,0.21368,0,0,0,0,0
0.047951,0.12816,0.2075,0.28814,0.26024,0.068003,0,0,0,0
0.079566,0.22694,0.23689,0.23599,0.20253,0.018083,0,0,0,0
0.095503,0.21929,0.21975,0.20584,0.21465,0.04497,0,0,0,0
0.070894,0.16326,0.23215,0.28957,0.20769,0.036445,0,0,0,0
0.062849,0.15223,0.19227,0.27002,0.24581,0.076816,0,0,0,0
0.04219,0.10952,0.18133,0.36804,0.2482,0.050718,0,0,0,0
0.054696,0.10836,0.20795,0.40196,0.21362,0.013416,0,0,0,0
0.052836,0.15307,0.2028,0.37762,0.21368,0,0,0,0,0
0.050945,0.14708,0.25637,0.38044,0.16434,0.00082169,0,0,0,0
0.047292,0.1251,0.29825,0.4241,0.10526,0,0,0,0,0
0.049117,0.11128,0.19417,0.49348,0.15042,0.0015349,0,0,0,0
0.049366,0.10417,0.17391,0.2885,0.33696,0.047101,0,0,0,0
0.024107,0.042187,0.058115,0.11063,0.19458,0.42445,0.14292,0.0030133,0,0
0.024702,0.039608,0.053237,0.1052,0.18058,0.37606,0.2138,0.0068143,0,0
0.031974,0.063949,0.058353,0.067946,0.23661,0.33693,0.18585,0.018385,0,0
0.051205,0.079819,0.085467,0.10881,0.23569,0.29367,0.13479,0.010542,0,0
0.055651,0.12115,0.095462,0.12115,0.25171,0.25257,0.1006,0.0017123,0,0
0.079337,0.15571,0.1196,0.13736,0.22321,0.21196,0.071048,0.0017762,0,0
0.13347,0.19515,0.14863,0.12538,0.1729,0.16684,0.057634,0,0,0
0.1639,0.24309,0.14549,0.12339,0.10313,0.15838,0.062615,0,0,0
0.17549,0.21448,0.10028,0.1532,0.12256,0.13928,0.094708,0,0,0
0.11218,0.21154,0.15385,0.10577,0.12179,0.1859,0.10897,0,0,0
0.09699,0.20067,0.13378,0.11371,0.16388,0.17726,0.11037,0.0033445,0,0
0.090592,0.15679,0.1324,0.12544,0.1324,0.18118,0.18118,0,0,0
0.076923,0.16084,0.087413,0.11189,0.12238,0.18531,0.25524,0,0,0
0.091803,0.18033,0.07541,0.11148,0.1082,0.20656,0.22295,0.0032787,0,0
0.20642,0.30887,0.14679,0.093272,0.088685,0.094801,0.061162,0,0,0
0.15553,0.23473,0.17748,0.13836,0.14599,0.11641,0.031489,0,0,0
0.1049,0.16771,0.14384,0.16018,0.18781,0.19724,0.03706,0.0012563,0,0
0.025749,0.02997,0.052343,0.11524,0.18615,0.37949,0.20388,0.007176,0,0
0.033863,0.05811,0.051003,0.097408,0.26003,0.33194,0.16388,0.0037625,0,0
0.049355,0.089818,0.072477,0.097377,0.2699,0.28991,0.12317,0.0080036,0,0
0.060179,0.10343,0.093089,0.12788,0.25858,0.2788,0.076634,0.0014104,0,0
0.08125,0.14183,0.12692,0.13462,0.22356,0.22885,0.061058,0.0019231,0,0
0.11858,0.20091,0.15181,0.15408,0.17145,0.17221,0.030967,0,0,0
0.15553,0.23473,0.17748,0.13836,0.14599,0.11641,0.031489,0,0,0
0.20642,0.30887,0.14679,0.093272,0.088685,0.094801,0.061162,0,0,0
0.18296,0.22556,0.11529,0.1203,0.11278,0.15038,0.092732,0,0,0
0.09901,0.14851,0.12871,0.15512,0.14191,0.16832,0.15842,0,0,0
0.063973,0.15152,0.13468,0.10774,0.11448,0.19865,0.22896,0,0,0
0.091803,0.18033,0.07541,0.11148,0.1082,0.20656,0.22295,0.0032787,0,0
0.10469,0.12274,0.15884,0.11191,0.10469,0.23466,0.16245,0,0,0
0.065517,0.20345,0.13448,0.10345,0.14483,0.22759,0.12069,0,0,0
0.056478,0.2093,0.12625,0.11628,0.16611,0.19269,0.12957,0.0033223,0,0
0.12292,0.21262,0.13289,0.10299,0.12957,0.18605,0.11296,0,0,0
0.10233,0.20388,0.13566,0.12791,0.1876,0.17752,0.063566,0.0015504,0,0
0.031974,0.063949,0.058353,0.067946,0.23661,0.33693,0.18585,0.018385,0,0
0.024159,0.041846,0.057377,0.1264,0.19629,0.42148,0.13072,0.0017256,0,0
0.017722,0.057384,0.062869,0.15527,0.20338,0.41857,0.081435,0.0033755,0,0
0.028682,0.074058,0.067209,0.11858,0.25257,0.34247,0.11173,0.0047089,0,0
0.038643,0.088124,0.089067,0.15504,0.30207,0.2639,0.063148,0,0,0
0.056962,0.095424,0.10419,0.16894,0.29942,0.22444,0.050146,0.00048685,0,0
0.082445,0.13629,0.12058,0.16882,0.23892,0.20022,0.050477,0.0022434,0,0
0.074205,0.21908,0.09894,0.14841,0.13428,0.25442,0.070671,0,0,0
0.11684,0.17182,0.12715,0.12371,0.16151,0.24399,0.054983,0,0,0
0.068,0.156,0.14,0.128,0.14,0.308,0.06,0,0,0
0.052,0.152,0.16,0.112,0.172,0.34,0.012,0,0,0
0.09375,0.12891,0.12891,0.12109,0.17578,0.33203,0.019531,0,0,0
0.10877,0.1614,0.10877,0.12281,0.22456,0.24561,0.02807,0,0,0
0.1878,0.24146,0.10244,0.10488,0.15122,0.1878,0.02439,0,0,0
0.17077,0.26,0.18615,0.11846,0.11846,0.12615,0.02,0,0,0
0.14205,0.20549,0.17614,0.18371,0.16477,0.11742,0.010417,0,0,0
0.12643,0.19269,0.15689,0.19421,0.18888,0.12871,0.011424,0.00076161,0,0
0.095128,0.15023,0.14153,0.21404,0.2036,0.17865,0.015661,0.0011601,0,0
0.053158,0.11767,0.089959,0.18219,0.22626,0.26806,0.060427,0.0022717,0,0
0.036539,0.072659,0.066359,0.19068,0.2331,0.31499,0.082318,0.0033599,0,0
0.021533,0.055986,0.055125,0.16753,0.20112,0.40913,0.08441,0.005168,0,0
0.02542,0.06355,0.08443,0.15025,0.1911,0.35361,0.12846,0.0031775,0,0
0.040592,0.06723,0.060465,0.17844,0.23636,0.31036,0.10529,0.0012685,0,0
0.057169,0.10163,0.087568,0.18285,0.22958,0.27586,0.063521,0.0018149,0,0
0.074217,0.13639,0.11229,0.20578,0.22024,0.21976,0.030361,0.00096386,0,0
0.10233,0.1794,0.13688,0.22126,0.19601,0.1495,0.013953,0.00066445,0,0
0.14205,0.20549,0.17614,0.18371,0.16477,0.11742,0.010417,0,0,0
0.17077,0.26,0.18615,0.11846,0.11846,0.12615,0.02,0,0,0
0.1878,0.24146,0.10244,0.10488,0.15122,0.1878,0.02439,0,0,0
0.10877,0.1614,0.10877,0.12281,0.22456,0.24561,0.02807,0,0,0
0.077778,0.20741,0.1037,0.12963,0.14444,0.28519,0.051852,0,0,0
0.057692,0.16154,0.13077,0.11154,0.17692,0.32692,0.034615,0,0,0
0.078067,0.17844,0.15613,0.092937,0.15613,0.26022,0.078067,0,0,0
0.051566,0.087711,0.10217,0.17108,0.30843,0.21446,0.063614,0.00096386,0,0
0.045737,0.087922,0.084813,0.11456,0.29352,0.28597,0.084369,0.0031083,0,0
0.018728,0.028746,0.053571,0.16376,0.34495,0.36063,0.029617,0,0,0
0.016129,0.029207,0.061901,0.17132,0.35266,0.33871,0.029207,0.00087184,0,0
0.026743,0.04954,0.051732,0.16089,0.37308,0.28496,0.053047,0,0,0
0.033846,0.070769,0.074725,0.18418,0.37626,0.21231,0.047912,0,0,0
0.04717,0.081312,0.10243,0.17925,0.37197,0.18688,0.030548,0.00044924,0,0
0.0459,0.11088,0.14028,0.23724,0.31047,0.13615,0.018566,0.00051573,0,0
0.046806,0.15876,0.18406,0.24921,0.24288,0.11385,0.0044276,0,0,0
0.10295,0.23391,0.2059,0.16578,0.21272,0.0757,0.003028,0,0,0
0.086234,0.3212,0.21123,0.14161,0.18513,0.053006,0.0015823,0,0,0
0.078689,0.26311,0.29098,0.16639,0.17131,0.029508,0,0,0,0
0.059885,0.21329,0.24856,0.26005,0.20263,0.015587,0,0,0,0
0.11012,0.21457,0.33765,0.15951,0.12389,0.052632,0.0016194,0,0,0
0.084475,0.20015,0.28615,0.21385,0.1347,0.077626,0.0030441,0,0,0
0.05814,0.15458,0.26197,0.27565,0.14706,0.093707,0.0088919,0,0,0
0.040626,0.052052,0.082099,0.21879,0.33474,0.24968,0.022006,0,0,0
0.01379,0.033013,0.055161,0.15545,0.3552,0.34893,0.038028,0.00041789,0,0
0.020382,0.037792,0.068365,0.22166,0.34225,0.28577,0.023779,0,0,0
0.051745,0.097741,0.091992,0.21684,0.34661,0.17988,0.015195,0,0,0
0.036379,0.079688,0.15115,0.22867,0.32222,0.16631,0.015591,0,0,0
0.044311,0.10886,0.16904,0.26313,0.29048,0.11761,0.0065646,0,0,0
0.05814,0.15458,0.26197,0.27565,0.14706,0.093707,0.0088919,0,0,0
0.084475,0.20015,0.28615,0.21385,0.1347,0.077626,0.0030441,0,0,0
0.11012,0.21457,0.33765,0.15951,0.12389,0.052632,0.0016194,0,0,0
0.10356,0.29992,0.27423,0.16487,0.1367,0.020713,0,0,0,0
0.087762,0.23752,0.2649,0.24155,0.15217,0.016103,0,0,0,0
0.086234,0.3212,0.21123,0.14161,0.18513,0.053006,0.0015823,0,0,0
0.10295,0.23391,0.2059,0.16578,0.21272,0.0757,0.003028,0,0,0
0.066574,0.19071,0.19972,0.21151,0.23162,0.09362,0.0062413,0,0,0
0.04321,0.11111,0.13169,0.24126,0.31481,0.13837,0.019033,0.0005144,0,0
0.04717,0.081312,0.10243,0.17925,0.37197,0.18688,0.030548,0.00044924,0,0
0.025,0.060526,0.067982,0.16096,0.37851,0.25307,0.053947,0,0,0
0.016245,0.036312,0.098901,0.27043,0.43813,0.13521,0.0047778,0,0,0
0.015692,0.031859,0.08369,0.22587,0.4175,0.21683,0.0085592,0,0,0
0.025654,0.040838,0.074869,0.28848,0.3377,0.21309,0.019372,0,0,0
0.028472,0.062754,0.084834,0.33585,0.33876,0.14294,0.0063916,0,0,0
0.052868,0.089989,0.09955,0.33408,0.31665,0.10405,0.0028121,0,0,0
0.043994,0.09738,0.11518,0.27187,0.32427,0.13495,0.012358,0,0,0
0.059941,0.14896,0.15608,0.26825,0.25816,0.10326,0.0053412,0,0,0
0.11155,0.21123,0.20965,0.17722,0.22152,0.068829,0,0,0,0
0.17419,0.24977,0.18618,0.16129,0.18894,0.039631,0,0,0,0
0.18042,0.32917,0.17658,0.14491,0.15259,0.016315,0,0,0,0
0.19076,0.3707,0.19666,0.13864,0.10324,0,0,0,0,0
0.23069,0.37723,0.16733,0.11881,0.10396,0.0019802,0,0,0,0
0.17062,0.39325,0.19161,0.11314,0.10584,0.025547,0,0,0,0
0.12747,0.3051,0.28618,0.1028,0.12829,0.046875,0.0032895,0,0,0
0.083986,0.2363,0.3153,0.15089,0.15089,0.058363,0.0042705,0,0,0
0.077377,0.16131,0.29902,0.21311,0.17443,0.070164,0.0045902,0,0,0
0.038014,0.087277,0.088829,0.22304,0.3557,0.18852,0.018619,0,0,0
0.017558,0.035914,0.067438,0.21868,0.35076,0.28492,0.024741,0,0,0
0.010804,0.032813,0.072429,0.17607,0.38575,0.30572,0.016006,0.00040016,0,0
0.015968,0.035529,0.067864,0.18403,0.36367,0.31697,0.015968,0,0,0
0.029988,0.059976,0.078768,0.23111,0.34506,0.23271,0.022391,0,0,0
0.036005,0.0964,0.10569,0.23655,0.35501,0.15679,0.01355,0,0,0
0.041519,0.099747,0.1438,0.28051,0.30785,0.12304,0.0035443,0,0,0
0.077377,0.16131,0.29902,0.21311,0.17443,0.070164,0.0045902,0,0,0
0.083986,0.2363,0.3153,0.15089,0.15089,0.058363,0.0042705,0,0,0
0.12747,0.3051,0.28618,0.1028,0.12829,0.046875,0.0032895,0,0,0
0.17062,0.39325,0.19161,0.11314,0.10584,0.025547,0,0,0,0
0.22788,0.40577,0.15577,0.098077,0.10577,0.0067308,0,0,0,0
0.19076,0.3707,0.19666,0.13864,0.10324,0,0,0,0,0
0.17921,0.36733,0.18317,0.15842,0.10891,0.0029703,0,0,0,0
0.18042,0.32917,0.17658,0.14491,0.15259,0.016315,0,0,0,0
0.17419,0.24977,0.18618,0.16129,0.18894,0.039631,0,0,0,0
0.11155,0.21123,0.20965,0.17722,0.22152,0.068829,0,0,0,0
0.075305,0.18792,0.17571,0.2137,0.25237,0.093623,0.0013569,0,0,0
0.046866,0.073228,0.077329,0.32513,0.34095,0.13005,0.0064441,0,0,0
0.014333,0.039178,0.089823,0.24462,0.40134,0.20736,0.0033445,0,0,0
0,0,0,0.11091,0.26619,0.48137,0.13842,0.0031056,0,0
0,0,0,0.11948,0.344,0.44139,0.094229,0.00090171,0,0
0,0,0,0.11486,0.33108,0.48441,0.061331,0.0077963,0.00051975,0
0,0,0,0.18345,0.30897,0.36966,0.13793,0,0,0
0,0,0,0.23184,0.2514,0.32682,0.18994,0,0,0
0,0,0,0.19291,0.17323,0.38583,0.24803,0,0,0
0,0,0,0.12207,0.15493,0.40376,0.31925,0,0,0
0,0,0,0.18865,0.28221,0.37117,0.15644,0.0015337,0,0
0,0,0,0.14371,0.27197,0.46734,0.10926,0.0071259,0.00059382,0
0,0,0,0.11101,0.27704,0.46395,0.14516,0.0028463,0,0
0,0,0,0.14371,0.27197,0.46734,0.10926,0.0071259,0.00059382,0
0,0,0,0.18865,0.28221,0.37117,0.15644,0.0015337,0,0
0,0,0,0.17994,0.24484,0.33333,0.24189,0,0,0
0,0,0,0.1629,0.15385,0.34842,0.33484,0,0,0
0,0,0,0.16114,0.13744,0.4455,0.25592,0,0,0
0,0,0,0.12627,0.34485,0.45503,0.06492,0.0071471,0.0017868,0
0,0,0,0.11652,0.3648,0.41347,0.10275,0.0024582,0,0
0,0,0,0.13634,0.40159,0.4069,0.047215,0.0068966,0.001061,0
0,0,0,0.22828,0.32525,0.36364,0.082828,0,0,0
0,0,0,0.22556,0.24436,0.45489,0.075188,0,0,0
0,0,0,0.23744,0.3516,0.38356,0.027397,0,0,0
0,0,0,0.24711,0.42775,0.28757,0.034682,0.0028902,0,0
0,0,0,0.19886,0.41829,0.32686,0.050286,0.0045714,0.0011429,0
0,0,0,0.13529,0.36384,0.42119,0.077496,0.0021891,0,0
0,0,0,0.17205,0.38814,0.38696,0.045802,0.0064592,0.0005872,0
0,0,0,0.24711,0.42775,0.28757,0.034682,0.0028902,0,0
0,0,0,0.23744,0.3516,0.38356,0.027397,0,0,0
0,0,0,0.22556,0.24436,0.45489,0.075188,0,0,0
0,0,0,0.22828,0.32525,0.36364,0.082828,0,0,0
0,0,0,0.031646,0.20956,0.3583,0.36146,0.03903,0,0
0,0,0,0.020919,0.18416,0.30075,0.42078,0.073388,0,0
0,0,0,0.033827,0.15279,0.22805,0.4656,0.11973,0,0
0,0,0,0.032869,0.12916,0.23666,0.43503,0.16589,0.0003867,0
0,0,0,0.02444,0.13116,0.20367,0.38534,0.25295,0.002444,0
0,0,0,0.064389,0.13535,0.30223,0.41919,0.07753,0.0013141,0
0,0,0,0.081522,0.20924,0.46739,0.24185,0,0,0
0,0,0,0.05,0.26071,0.59643,0.092857,0,0,0
0,0,0,0.091743,0.16514,0.66667,0.076453,0,0,0
0,0,0,0.41644,0.58356,0,0,0,0,0
0,0,0,0.046117,0.17961,0.63592,0.13835,0,0,0
0,0,0,0.064133,0.15202,0.56295,0.2209,0,0,0
0,0,0,0.057279,0.16229,0.57518,0.20286,0.0023866,0,0
0,0,0,0.066667,0.23333,0.65833,0.041667,0,0,0
0,0,0,0.51571,0.47644,0.0078534,0,0,0,0
0,0,0,0.079482,0.19409,0.38078,0.29945,0.046211,0,0
0,0,0,0.040768,0.22658,0.37201,0.33438,0.026264,0,0
0,0,0,0.042032,0.14011,0.24737,0.38179,0.18651,0.0021891,0
0,0,0,0.043796,0.13756,0.24649,0.44919,0.12296,0,0
0,0,0,0.057864,0.1543,0.33086,0.38427,0.0727,0,0
0,0,0,0.079482,0.19409,0.38078,0.29945,0.046211,0,0
0,0,0,0.51571,0.47644,0.0078534,0,0,0,0
0,0,0,0.083333,0.24383,0.60185,0.070988,0,0,0
0,0,0,0.04878,0.17561,0.55366,0.22195,0,0,0
0,0,0,0.057279,0.16229,0.57518,0.20286,0.0023866,0,0
0,0,0,0.067961,0.18204,0.62379,0.12621,0,0,0
0,0,0,0.41644,0.58356,0,0,0,0,0
0,0,0,0.081522,0.20924,0.46739,0.24185,0,0,0
0,0,0,0.064389,0.13535,0.30223,0.41919,0.07753,0.0013141,0
0,0,0,0.036429,0.11643,0.18643,0.39643,0.25857,0.0057143,0
0,0,0,0.025027,0.18716,0.34349,0.3852,0.05876,0.00036271,0
0,0,0,0.026233,0.17664,0.26163,0.46065,0.074851,0,0
0,0,0,0.050971,0.27872,0.47209,0.19215,0.006068,0,0
0,0,0,0.084184,0.30782,0.47619,0.13053,0.0012755,0,0
0,0,0,0.060086,0.22446,0.44249,0.26781,0.0051502,0,0
0,0,0,0.040681,0.16065,0.3599,0.39851,0.040266,0,0
0,0,0,0.048499,0.13799,0.27771,0.48326,0.05254,0,0
0,0,0,0.059538,0.18955,0.3791,0.35844,0.013366,0,0
0,0,0,0.063158,0.30947,0.56,0.067368,0,0,0
0,0,0,0.054755,0.35159,0.57349,0.020173,0,0,0
0,0,0,0.070529,0.25693,0.64736,0.025189,0,0,0
0,0,0,0.048101,0.21013,0.68608,0.055696,0,0,0
0,0,0,0.11734,0.17731,0.29596,0.3455,0.063885,0,0
0,0,0,0.044205,0.14815,0.25687,0.45998,0.090203,0.00059737,0
0,0,0,0.059745,0.29707,0.46642,0.17388,0.0028842,0,0
0,0,0,0.055334,0.23462,0.4201,0.28198,0.0079681,0,0
0,0,0,0.052705,0.19776,0.34328,0.35961,0.046642,0,0
0,0,0,0.058209,0.15373,0.28806,0.41194,0.08806,0,0
0,0,0,0.052888,0.14164,0.26322,0.45532,0.086322,0.0006079,0
0,0,0,0.11734,0.17731,0.29596,0.3455,0.063885,0,0
0,0,0,0.054645,0.26776,0.60383,0.07377,0,0,0
0,0,0,0.071066,0.20812,0.67766,0.043147,0,0,0
0,0,0,0.03876,0.27649,0.6615,0.023256,0,0,0
0,0,0,0.084592,0.31118,0.59517,0.0090634,0,0,0
0,0,0,0.076142,0.3731,0.50254,0.048223,0,0,0
0,0,0,0.059369,0.15028,0.2987,0.45826,0.033395,0,0
0,0,0.058248,0.25703,0.37352,0.27902,0.032179,0,0,0
0,0,0.079755,0.26339,0.35051,0.28098,0.02454,0.000818,0,0
0,0,0.064186,0.35721,0.32465,0.23442,0.019535,0,0,0
0,0,0.08053,0.37003,0.40061,0.13761,0.011213,0,0,0
0,0,0.10641,0.34419,0.49511,0.053203,0.0010858,0,0,0
0,0,0.071279,0.37526,0.47694,0.067086,0.009434,0,0,0
0,0,0.080439,0.38483,0.43053,0.092322,0.010969,0.00091408,0,0
0,0,0.057963,0.27519,0.46425,0.1896,0.013001,0,0,0
0,0,0.072677,0.24623,0.39277,0.26847,0.019857,0,0,0
0,0,0.056957,0.24532,0.49064,0.19731,0.009764,0,0,0
0,0,0.072395,0.3525,0.41881,0.14141,0.014208,0.00067659,0,0
0,0,0.071279,0.37526,0.47694,0.067086,0.009434,0,0,0
0,0,0.094808,0.42438,0.44357,0.032731,0.0045147,0,0,0
0,0,0.099429,0.31543,0.53029,0.054857,0,0,0,0
0,0,0.064186,0.35721,0.32465,0.23442,0.019535,0,0,0
0,0,0.054849,0.30702,0.31304,0.28829,0.035452,0.0013378,0,0
0,0,0.057548,0.21916,0.38471,0.29641,0.041782,0.00039417,0,0
0,0,0.056827,0.24612,0.37367,0.29354,0.029845,0,0,0
0,0,0.1065,0.27483,0.35301,0.22577,0.039888,0,0,0
0,0,0.072562,0.2381,0.3415,0.31066,0.036281,0.00090703,0,0
0,0,0.059578,0.3537,0.31523,0.24585,0.025641,0,0,0
0,0,0.078235,0.38616,0.43531,0.096289,0.004012,0,0,0
0,0,0.068616,0.36895,0.50731,0.048369,0.0067492,0,0,0
0,0,0.076515,0.35303,0.40152,0.15682,0.012121,0,0,0
0,0,0.054318,0.27105,0.43346,0.21456,0.026073,0.00054318,0,0
0,0,0.050259,0.21699,0.36059,0.32509,0.047068,0,0,0
0,0,0.064596,0.20248,0.45052,0.25135,0.031056,0,0,0
0,0,0.054318,0.27105,0.43346,0.21456,0.026073,0.00054318,0,0
0,0,0.076515,0.35303,0.40152,0.15682,0.012121,0,0,0
0,0,0.073903,0.32102,0.55774,0.042725,0.0046189,0,0,0
0,0,0.10076,0.37486,0.46371,0.060672,0,0,0,0
0,0,0.078235,0.38616,0.43531,0.096289,0.004012,0,0,0
0,0,0.070759,0.37766,0.31373,0.21569,0.022165,0,0,0
0,0,0.068182,0.2655,0.35331,0.28977,0.022727,0.00051653,0,0
0,0,0.068657,0.2435,0.28571,0.35224,0.048614,0.0012793,0,0
0,0,0.10161,0.24378,0.38233,0.22972,0.042169,0.00040161,0,0
0.047241,0.12297,0.1172,0.18644,0.21565,0.23224,0.070321,0.0079336,0,0
0.036823,0.087004,0.1491,0.14946,0.28881,0.2231,0.063899,0.0018051,0,0
0.048033,0.099268,0.11985,0.20311,0.26532,0.23925,0.02516,0,0,0
0.058315,0.10871,0.18934,0.2383,0.24334,0.15623,0.0057595,0,0,0
0.058361,0.18631,0.18182,0.19304,0.24916,0.13131,0,0,0,0
0.094231,0.13077,0.15577,0.21346,0.32308,0.082692,0,0,0,0
0.077103,0.1472,0.18224,0.26636,0.27804,0.049065,0,0,0,0
0.10695,0.20499,0.1836,0.20856,0.28877,0.0071301,0,0,0,0
0.065217,0.11242,0.1472,0.2764,0.30373,0.09441,0.00062112,0,0,0
0.057157,0.10231,0.12344,0.23727,0.30259,0.1585,0.018732,0,0,0
0.060046,0.10778,0.13472,0.20054,0.25558,0.19323,0.046959,0.0011547,0,0
0.041947,0.11186,0.13568,0.26411,0.23252,0.15018,0.062662,0.0010357,0,0
0.053691,0.11303,0.10915,0.17485,0.26457,0.21618,0.05899,0.0095373,0,0
0.04246,0.099073,0.11615,0.22352,0.21767,0.20254,0.089312,0.0092728,0,0
0.041947,0.11186,0.13568,0.26411,0.23252,0.15018,0.062662,0.0010357,0,0
0.056874,0.094108,0.11457,0.20908,0.29542,0.1964,0.033552,0,0,0
0.055376,0.10484,0.13172,0.25269,0.31989,0.12849,0.0069892,0,0,0
0.073152,0.12293,0.16968,0.28959,0.29412,0.050528,0,0,0,0
0.093637,0.18607,0.21729,0.21128,0.27851,0.013205,0,0,0,0
0.094231,0.13077,0.15577,0.21346,0.32308,0.082692,0,0,0,0
0.080292,0.19854,0.16204,0.1635,0.28175,0.11387,0,0,0,0
0.058099,0.12588,0.23592,0.19806,0.23504,0.13908,0.0079225,0,0,0
0.031382,0.073096,0.1305,0.19135,0.27861,0.24646,0.047838,0.0007654,0,0
0.0649,0.12169,0.17361,0.23851,0.22336,0.12169,0.055706,0.00054083,0,0
0.037143,0.073714,0.136,0.23314,0.22514,0.20457,0.083429,0.0068571,0,0
0.048112,0.1164,0.14434,0.24159,0.19348,0.1583,0.09312,0.004656,0,0
0.047392,0.12491,0.14438,0.20683,0.28949,0.14732,0.039677,0,0,0
0.044628,0.10826,0.16364,0.26405,0.28843,0.1219,0.0090909,0,0,0
0.054242,0.11822,0.17594,0.20376,0.31085,0.137,0,0,0,0
0.093788,0.1486,0.162,0.22533,0.29598,0.0743,0,0,0,0
0.061644,0.14041,0.1524,0.29281,0.3339,0.018836,0,0,0,0
0.071567,0.13153,0.20696,0.34429,0.24565,0,0,0,0,0
0.10045,0.16964,0.19866,0.29018,0.23884,0.0022321,0,0,0,0
0.044776,0.16844,0.18763,0.30704,0.28998,0.0021322,0,0,0,0
0.076768,0.1596,0.16162,0.37172,0.22424,0.0060606,0,0,0,0
0.050085,0.12066,0.15253,0.28742,0.35913,0.029596,0.00056915,0,0,0
0.047792,0.10105,0.14793,0.26127,0.36777,0.074192,0,0,0,0
0.047389,0.11896,0.18472,0.27079,0.30851,0.069149,0.00048356,0,0,0
0.06053,0.12356,0.18209,0.22211,0.22661,0.13957,0.045023,0.00050025,0,0
0.053509,0.12641,0.14812,0.2214,0.28655,0.15006,0.013959,0,0,0
0.048671,0.098693,0.15142,0.24155,0.35196,0.1014,0.0063091,0,0,0
0.049734,0.11444,0.20087,0.27523,0.29116,0.0676,0.00096572,0,0,0
0.050085,0.12066,0.15253,0.28742,0.35913,0.029596,0.00056915,0,0,0
0.059172,0.13018,0.16145,0.3973,0.24176,0.010144,0,0,0,0
0.0625,0.15086,0.16379,0.28664,0.3319,0.0043103,0,0,0,0
0.10045,0.16964,0.19866,0.29018,0.23884,0.0022321,0,0,0,0
0.091421,0.13643,0.14487,0.24613,0.31083,0.070323,0,0,0,0
0.061584,0.15738,0.14467,0.19648,0.33529,0.10459,0,0,0,0
0.048112,0.1164,0.14434,0.24159,0.19348,0.1583,0.09312,0.004656,0,0
0.037143,0.073714,0.136,0.23314,0.22514,0.20457,0.083429,0.0068571,0,0
0,0.089683,0.10714,0.2881,0.37698,0.11429,0.02381,0,0,0
0,0.07964,0.11704,0.22507,0.39681,0.16482,0.01662,0,0,0
0,0.096197,0.1113,0.17002,0.31544,0.2679,0.03915,0,0,0
0,0.13668,0.13084,0.15596,0.23773,0.26752,0.071262,0,0,0
0,0.093669,0.094961,0.18798,0.25388,0.30749,0.06137,0.00064599,0,0
0,0.1245,0.15204,0.16925,0.20769,0.27596,0.069994,0.00057372,0,0
0,0.10381,0.19239,0.19862,0.1391,0.2955,0.070588,0,0,0
0,0.1149,0.22814,0.20233,0.16153,0.26978,0.023314,0,0,0
0,0.13463,0.23955,0.19127,0.20891,0.21913,0.0064995,0,0,0
0,0.10709,0.12239,0.14186,0.34075,0.28651,0.0013908,0,0,0
0,0.088235,0.10035,0.12457,0.29931,0.38754,0,0,0,0
0,0.102,0.092,0.136,0.258,0.41,0.002,0,0,0
0,0.11279,0.15488,0.21525,0.15647,0.33757,0.023034,0,0,0
0,0.086774,0.13585,0.21424,0.29084,0.20586,0.065829,0.00059844,0,0
0,0.092407,0.12679,0.26719,0.40401,0.098138,0.011461,0,0,0
0,0.086774,0.13585,0.21424,0.29084,0.20586,0.065829,0.00059844,0,0
0,0.11602,0.14016,0.18198,0.20789,0.26737,0.086572,0,0,0
0,0.11775,0.13949,0.16848,0.19444,0.29287,0.085145,0.0018116,0,0
0,0.13217,0.13725,0.20479,0.16195,0.3268,0.037037,0,0,0
0,0.1124,0.17345,0.21996,0.1938,0.2907,0.0096899,0,0,0
0,0.097173,0.095406,0.13251,0.32862,0.34629,0,0,0,0
0,0.11377,0.0998,0.12176,0.40519,0.25948,0,0,0,0
0,0.11497,0.060738,0.16052,0.25597,0.40781,0,0,0,0
0,0.102,0.092,0.136,0.258,0.41,0.002,0,0,0
0,0.098485,0.11212,0.13788,0.4,0.25,0.0015152,0,0,0
0,0.13463,0.23955,0.19127,0.20891,0.21913,0.0064995,0,0,0
0,0.11579,0.20972,0.20081,0.14737,0.29555,0.030769,0,0,0
0,0.10381,0.19239,0.19862,0.1391,0.2955,0.070588,0,0,0
0,0.093669,0.094961,0.18798,0.25388,0.30749,0.06137,0.00064599,0,0
0,0.10222,0.098522,0.17488,0.33805,0.24877,0.037562,0,0,0
0,0.092493,0.12332,0.20979,0.36528,0.19169,0.017426,0,0,0
0,0.081618,0.10441,0.24632,0.42353,0.13235,0.011765,0,0,0
0,0.071118,0.1016,0.24165,0.36938,0.19594,0.020319,0,0,0
0,0.10484,0.10311,0.18088,0.3485,0.22984,0.032834,0,0,0
0,0.1182,0.12707,0.18085,0.25059,0.28546,0.037825,0,0,0
0,0.096393,0.12438,0.18221,0.25373,0.29104,0.051617,0.00062189,0,0
0,0.10875,0.18983,0.17246,0.18597,0.28443,0.057915,0.0006435,0,0
0,0.11558,0.1809,0.2201,0.15879,0.29849,0.026131,0,0,0
0,0.14062,0.10625,0.12969,0.28437,0.33437,0.0046875,0,0,0
0,0.097104,0.11755,0.14821,0.40204,0.23509,0,0,0,0
0,0.10121,0.091768,0.11876,0.38596,0.30094,0.0013495,0,0,0
0,0.055556,0.14327,0.17836,0.45906,0.16374,0,0,0,0
0,0.15186,0.17335,0.21347,0.27221,0.18768,0.0014327,0,0,0
0,0.089595,0.1026,0.25,0.40679,0.13801,0.013006,0,0,0
0,0.091709,0.13819,0.2142,0.31972,0.20289,0.033291,0,0,0
0,0.098852,0.14349,0.17857,0.24426,0.27296,0.061862,0,0,0
0,0.10075,0.17478,0.15833,0.22138,0.29541,0.048663,0.0006854,0,0
0,0.13857,0.1531,0.20349,0.16473,0.31008,0.030039,0,0,0
0,0.12808,0.17611,0.21675,0.24877,0.22537,0.0049261,0,0,0
0,0.11111,0.11791,0.16553,0.39002,0.21542,0,0,0,0
0,0.080247,0.1358,0.20062,0.43519,0.14815,0,0,0,0
0,0.094005,0.098093,0.11172,0.42371,0.27248,0,0,0,0
0,0.10121,0.091768,0.11876,0.38596,0.30094,0.0013495,0,0,0
0,0.14062,0.10625,0.12969,0.28437,0.33437,0.0046875,0,0,0
0.097835,0.21652,0.34763,0.27947,0.054932,0.0036087,0,0,0,0
0.073092,0.26908,0.35614,0.22035,0.078825,0.0025081,0,0,0,0
0.091352,0.35201,0.3244,0.1961,0.036135,0,0,0,0,0
0.09754,0.40543,0.32867,0.16285,0.0055131,0,0,0,0,0
0.13431,0.50438,0.29416,0.067153,0,0,0,0,0,0
0.23093,0.54433,0.16598,0.058763,0,0,0,0,0,0
0.39469,0.40299,0.16915,0.033167,0,0,0,0,0,0
0.61098,0.24582,0.13604,0.0071599,0,0,0,0,0,0
0.48307,0.50564,0.011287,0,0,0,0,0,0,0
0.4434,0.50943,0.04717,0,0,0,0,0,0,0
0.32171,0.56418,0.10301,0.011094,0,0,0,0,0,0
0.14807,0.35193,0.31151,0.16872,0.019772,0,0,0,0,0
0.092054,0.25315,0.39166,0.23317,0.029961,0,0,0,0,0
0.090354,0.23745,0.37756,0.26233,0.031864,0.00043649,0,0,0,0
0.11521,0.23222,0.30828,0.28488,0.059406,0,0,0,0,0
0.10004,0.22621,0.34219,0.25188,0.079239,0.00044267,0,0,0,0
0.10154,0.31529,0.30028,0.22521,0.057685,0,0,0,0,0
0.13837,0.35013,0.30946,0.17595,0.026083,0,0,0,0,0
0.13761,0.4123,0.30491,0.14247,0.0026983,0,0,0,0,0
0.14456,0.44444,0.33154,0.07945,0,0,0,0,0,0
0.24356,0.54044,0.19022,0.025778,0,0,0,0,0,0
0.32171,0.56418,0.10301,0.011094,0,0,0,0,0,0
0.4434,0.50943,0.04717,0,0,0,0,0,0,0
0.48307,0.50564,0.011287,0,0,0,0,0,0,0
0.61098,0.24582,0.13604,0.0071599,0,0,0,0,0,0
0.39469,0.40299,0.16915,0.033167,0,0,0,0,0,0
0.085062,0.36826,0.37604,0.16857,0.0020747,0,0,0,0,0
0.093033,0.3003,0.38122,0.20554,0.019039,0.00086543,0,0,0,0
0.083116,0.3094,0.35117,0.20366,0.052654,0,0,0,0,0
0.087654,0.36481,0.37963,0.1679,0,0,0,0,0,0
0.11506,0.44133,0.32627,0.11734,0,0,0,0,0,0
0.19914,0.55651,0.17653,0.067815,0,0,0,0,0,0
0.41556,0.40563,0.14901,0.029801,0,0,0,0,0,0
0.66819,0.22654,0.10069,0.0045767,0,0,0,0,0,0
0.61374,0.38626,0,0,0,0,0,0,0,0
0.73577,0.26423,0,0,0,0,0,0,0,0
0.47581,0.50806,0.016129,0,0,0,0,0,0,0
0.38959,0.56853,0.041878,0,0,0,0,0,0,0
0.26625,0.5925,0.13125,0.01,0,0,0,0,0,0
0.1856,0.5065,0.26973,0.038161,0,0,0,0,0,0
0.13315,0.43728,0.34898,0.079888,0.00070077,0,0,0,0,0
0.080922,0.27212,0.32369,0.25073,0.072117,0.00041929,0,0,0,0
0.10456,0.19239,0.30071,0.3074,0.092012,0.0029276,0,0,0,0
0.087811,0.19441,0.32285,0.31935,0.072521,0.0030581,0,0,0,0
0.076291,0.2723,0.33099,0.25626,0.064163,0,0,0,0,0
0.10937,0.32985,0.30327,0.22266,0.034858,0,0,0,0,0
0.10024,0.38032,0.35176,0.16707,0.00060753,0,0,0,0,0
0.13315,0.43728,0.34898,0.079888,0.00070077,0,0,0,0,0
0.1856,0.5065,0.26973,0.038161,0,0,0,0,0,0
0.2061,0.59634,0.18049,0.017073,0,0,0,0,0,0
0.38959,0.56853,0.041878,0,0,0,0,0,0,0
0.47581,0.50806,0.016129,0,0,0,0,0,0,0
0.6034,0.3966,0,0,0,0,0,0,0,0
0.72008,0.27992,0,0,0,0,0,0,0,0
0.66819,0.22654,0.10069,0.0045767,0,0,0,0,0,0
0.41556,0.40563,0.14901,0.029801,0,0,0,0,0,0
0.19914,0.55651,0.17653,0.067815,0,0,0,0,0,0
0.078421,0.30936,0.39913,0.19145,0.021633,0,0,0,0,0
0.084332,0.28407,0.41456,0.19352,0.022193,0.0013316,0,0,0,0
0.010031,0.024559,0.037703,0.13317,0.38464,0.32376,0.075752,0.010377,0,0
0.0096785,0.025579,0.040097,0.12167,0.37262,0.33909,0.080539,0.010024,0.00069132,0
0.013995,0.026658,0.033322,0.1063,0.29757,0.38421,0.12229,0.015328,0.00033322,0
0.038462,0.058687,0.050729,0.12202,0.32924,0.30935,0.089191,0.002321,0,0
0.049399,0.084112,0.071095,0.13919,0.31909,0.28471,0.052403,0,0,0
0.049378,0.098066,0.093923,0.14192,0.31526,0.26796,0.032804,0.00069061,0,0
0.07745,0.15019,0.1365,0.1442,0.31365,0.16688,0.010697,0.0004279,0,0
0.10746,0.20553,0.16536,0.18779,0.25091,0.081377,0.0015649,0,0,0
0.13139,0.26156,0.16606,0.21411,0.18491,0.041971,0,0,0,0
0.2231,0.28402,0.22706,0.20253,0.0625,0.00079114,0,0,0,0
0.1935,0.27518,0.20936,0.21491,0.098335,0.0087232,0,0,0,0
0.18244,0.23456,0.14674,0.21303,0.18697,0.035694,0.00056657,0,0,0
0.072504,0.1478,0.15561,0.23982,0.26771,0.11489,0.0011154,0.00055772,0,0
0.071429,0.12022,0.10734,0.18931,0.25488,0.22717,0.028884,0.00078064,0,0
0.041716,0.09209,0.074774,0.21055,0.24951,0.28139,0.04998,0,0,0
0.041145,0.076565,0.065832,0.16744,0.2576,0.30125,0.089803,0.00035778,0,0
0.027141,0.052873,0.055693,0.14417,0.24145,0.33592,0.13817,0.0045823,0,0
0.011527,0.022735,0.032341,0.10407,0.32789,0.36952,0.11655,0.014729,0.00064041,0
0.024805,0.036853,0.046067,0.14918,0.25408,0.36286,0.11977,0.0063785,0,0
0.041145,0.076565,0.065832,0.16744,0.2576,0.30125,0.089803,0.00035778,0,0
0.050057,0.10776,0.081009,0.19182,0.26672,0.25869,0.043561,0.00038212,0,0
0.0639,0.14357,0.11162,0.1917,0.27635,0.19046,0.021577,0.00082988,0,0
0.091856,0.15862,0.13258,0.21544,0.25758,0.13589,0.0075758,0.00047348,0,0
0.14247,0.19651,0.14301,0.2167,0.23417,0.066048,0.0010917,0,0,0
0.18244,0.23456,0.14674,0.21303,0.18697,0.035694,0.00056657,0,0,0
0.16407,0.26672,0.21151,0.2224,0.12208,0.013219,0,0,0,0
0.20032,0.28205,0.22756,0.20994,0.076923,0.0032051,0,0,0,0
0.046945,0.11699,0.11215,0.11885,0.30067,0.26453,0.039866,0,0,0
0.05389,0.11527,0.11278,0.12313,0.29872,0.2616,0.033904,0.00071378,0,0
0.038462,0.058687,0.050729,0.12202,0.32924,0.30935,0.089191,0.002321,0,0
0.012807,0.022153,0.042229,0.13499,0.37902,0.3278,0.068882,0.012115,0,0
0,0.01678,0.031774,0.097108,0.2699,0.37308,0.18493,0.023563,0.0028561,0
0,0.019189,0.046343,0.16908,0.35482,0.31463,0.086531,0.0090514,0.00036206,0
0,0.04652,0.062027,0.20234,0.34947,0.27874,0.060893,0,0,0
0,0.076268,0.090754,0.18705,0.37196,0.24414,0.029825,0,0,0
0,0.075278,0.097092,0.17109,0.35586,0.26176,0.038067,0.00085543,0,0
0,0.096818,0.11475,0.20081,0.37203,0.20081,0.013895,0.00089646,0,0
0,0.11224,0.12809,0.28091,0.34115,0.13126,0.0063412,0,0,0
0,0.17723,0.15941,0.31782,0.25347,0.091089,0.0009901,0,0,0
0,0.19528,0.21102,0.32913,0.23465,0.029921,0,0,0,0
0,0.23573,0.20258,0.39595,0.16022,0.0055249,0,0,0,0
0,0.19084,0.27672,0.41221,0.12023,0,0,0,0,0
0,0.23675,0.28477,0.35099,0.12417,0.0033113,0,0,0,0
0,0.16753,0.24352,0.37651,0.20898,0.0034542,0,0,0,0
0,0.24528,0.24093,0.30479,0.20174,0.0072569,0,0,0,0
0,0.084519,0.086192,0.20418,0.28954,0.26946,0.066109,0,0,0
0,0.057471,0.064751,0.1705,0.27931,0.31073,0.11648,0.00076628,0,0
0,0.039127,0.04778,0.15199,0.25734,0.34876,0.14861,0.0063958,0,0
0,0.024364,0.039636,0.16182,0.38073,0.30473,0.08,0.0087273,0,0
0,0.024452,0.04351,0.12873,0.31787,0.35455,0.1219,0.00863,0.00035958,0
0,0.051593,0.055766,0.15402,0.26821,0.32967,0.13657,0.004173,0,0
0,0.070731,0.071903,0.20203,0.26612,0.30793,0.081282,0,0,0
0,0.077984,0.090478,0.21155,0.28996,0.27747,0.052133,0.00043085,0,0
0,0.11021,0.10768,0.21689,0.31699,0.23003,0.0182,0,0,0
0,0.13356,0.12354,0.23261,0.33945,0.16416,0.0066778,0,0,0
0,0.14939,0.14132,0.25841,0.34859,0.10094,0.0013459,0,0,0
0,0.17105,0.17802,0.29412,0.29721,0.058824,0.00077399,0,0,0
0,0.20388,0.20065,0.33657,0.23301,0.02589,0,0,0,0
0,0.22255,0.26113,0.32938,0.17953,0.0074184,0,0,0,0
0,0.17446,0.23022,0.42086,0.17086,0.0035971,0,0,0,0
0,0.21361,0.27599,0.39698,0.10964,0.0037807,0,0,0,0
0,0.11197,0.12472,0.23392,0.36142,0.15909,0.0077605,0.0011086,0,0
0,0.08821,0.10671,0.19621,0.34552,0.23967,0.022806,0.00086059,0,0
0,0.017519,0.02896,0.096174,0.2542,0.37433,0.19986,0.025027,0.0039328,0
0,0,0.1248,0.24057,0.27244,0.30855,0.04992,0.0037175,0,0
0,0,0.10193,0.28123,0.3058,0.23785,0.071093,0.002091,0,0
0,0,0.080412,0.25258,0.26289,0.29227,0.11134,0.00051546,0,0
0,0,0.12253,0.22266,0.21476,0.35178,0.088274,0,0,0
0,0,0.13073,0.19355,0.20543,0.42615,0.044143,0,0,0
0,0,0.34111,0.24636,0.20262,0.19825,0.011662,0,0,0
0,0,0.077295,0.3285,0.34058,0.25121,0.0024155,0,0,0
0,0,0.078947,0.42368,0.32105,0.17632,0,0,0,0
0,0,0.049505,0.48185,0.33663,0.12871,0.0033003,0,0,0
0,0,0.084548,0.39359,0.35277,0.16618,0.0029155,0,0,0
0,0,0.35472,0.32264,0.15597,0.1631,0.0035651,0,0,0
0,0,0.25795,0.34099,0.17668,0.20583,0.018551,0,0,0
0,0,0.18995,0.23595,0.22913,0.31005,0.034923,0,0,0
0,0,0.062741,0.20656,0.2973,0.3832,0.050193,0,0,0
0,0,0.062056,0.20362,0.27602,0.37363,0.084034,0.00064641,0,0
0,0,0.1194,0.24307,0.27186,0.29638,0.064499,0.0047974,0,0
0,0,0.06309,0.19473,0.29608,0.35966,0.084451,0.0019871,0,0
0,0,0.079114,0.22389,0.30301,0.36234,0.031646,0,0,0
0,0,0.18995,0.23595,0.22913,0.31005,0.034923,0,0,0
0,0,0.25795,0.34099,0.17668,0.20583,0.018551,0,0,0
0,0,0.34907,0.30098,0.17364,0.16919,0.0071238,0,0,0
0,0,0.058304,0.32155,0.33922,0.27915,0.0017668,0,0,0
0,0,0.063014,0.38904,0.34795,0.19452,0.0054795,0,0,0
0,0,0.077181,0.46309,0.33221,0.12752,0,0,0,0
0,0,0.049505,0.48185,0.33663,0.12871,0.0033003,0,0,0
0,0,0.13073,0.19355,0.20543,0.42615,0.044143,0,0,0
0,0,0.12253,0.22266,0.21476,0.35178,0.088274,0,0,0
0,0,0.071429,0.2596,0.22197,0.32873,0.11828,0,0,0
0,0,0.080795,0.26689,0.23642,0.32053,0.094702,0.00066225,0,0
0,0,0.10535,0.23447,0.2712,0.31442,0.066451,0.0081037,0,0
0,0,0.088545,0.22856,0.29552,0.27172,0.11566,0,0,0
0,0,0.082138,0.24641,0.27314,0.28162,0.11538,0.0013038,0,0
0,0,0.092308,0.24359,0.18333,0.35128,0.12949,0,0,0
0,0,0.403,0.26033,0.12891,0.17522,0.032541,0,0,0
0,0,0.092072,0.34783,0.26087,0.27366,0.025575,0,0,0
0,0,0.87206,0.12794,0,0,0,0,0,0
0,0,0.086111,0.375,0.325,0.19444,0.019444,0,0,0
0,0,0.025714,0.43143,0.35143,0.18857,0.0028571,0,0,0
0,0,0.060109,0.38798,0.35519,0.19672,0,0,0,0
0,0,0.046729,0.34579,0.32477,0.2757,0.0070093,0,0,0
0,0,0.131,0.20363,0.25811,0.36706,0.040208,0,0,0
0,0,0.057332,0.20397,0.25579,0.41125,0.071665,0,0,0
0,0,0.072811,0.18433,0.24793,0.40737,0.086636,0.00092166,0,0
0,0,0.11699,0.23344,0.27083,0.30395,0.068376,0.0064103,0,0
0,0,0.063237,0.19561,0.31779,0.34244,0.078242,0.0026795,0,0
0,0,0.052326,0.15827,0.27778,0.38437,0.12661,0.00064599,0,0
0,0,0.131,0.20363,0.25811,0.36706,0.040208,0,0,0
0,0,0.11878,0.29535,0.21669,0.34189,0.027287,0,0,0
0,0,0.065359,0.30501,0.28758,0.32462,0.017429,0,0,0
0,0,0.061381,0.37852,0.3555,0.2046,0,0,0,0
0,0,0.036415,0.37535,0.38375,0.20168,0.0028011,0,0,0
0,0,0.059829,0.41026,0.32479,0.19088,0.014245,0,0,0
0,0,0.87206,0.12794,0,0,0,0,0,0
0,0,0.403,0.26033,0.12891,0.17522,0.032541,0,0,0
0,0,0.10381,0.24567,0.20415,0.33391,0.11246,0,0,0
0,0,0.079774,0.25463,0.2216,0.3191,0.12409,0.0008058,0,0
0.10303,0.063939,0.046401,0.075265,0.17355,0.29631,0.22506,0.016441,0,0
0.1416,0.070361,0.07124,0.077836,0.14116,0.26209,0.23395,0.001759,0,0
0.16577,0.11321,0.11119,0.12197,0.16173,0.19677,0.12871,0.00067385,0,0
0.19707,0.12783,0.089214,0.10786,0.1265,0.28762,0.063915,0,0,0
0.2955,0.13503,0.099804,0.11742,0.15068,0.182,0.019569,0,0,0
0.1479,0.092266,0.1791,0.19539,0.32022,0.065129,0,0,0,0
0.12857,0.09011,0.12088,0.12418,0.36484,0.17143,0,0,0,0
0.11574,0.10764,0.11806,0.14236,0.3125,0.20255,0.0011574,0,0,0
0.14345,0.080495,0.12487,0.13106,0.24768,0.26625,0.006192,0,0,0
0.1752,0.07281,0.10296,0.14391,0.27531,0.20592,0.022753,0.0011377,0,0
0.14888,0.085687,0.093346,0.13451,0.24031,0.24605,0.046434,0.004787,0,0
0.14056,0.079875,0.090055,0.11159,0.20673,0.26233,0.09906,0.009397,0.00039154,0
0.12698,0.10615,0.097222,0.14137,0.19345,0.19692,0.12401,0.013889,0,0
0.086614,0.066535,0.066929,0.10079,0.17441,0.31339,0.1878,0.0035433,0,0
0.075826,0.049925,0.051426,0.067943,0.18318,0.3202,0.2455,0.006006,0,0
0.086614,0.066535,0.066929,0.10079,0.17441,0.31339,0.1878,0.0035433,0,0
0.1136,0.091164,0.089762,0.12716,0.21833,0.23142,0.12249,0.0060776,0,0
0.14056,0.079875,0.090055,0.11159,0.20673,0.26233,0.09906,0.009397,0.00039154,0
0.14888,0.085687,0.093346,0.13451,0.24031,0.24605,0.046434,0.004787,0,0
0.17324,0.09097,0.094983,0.16254,0.26689,0.20736,0.0040134,0,0,0
0.1193,0.081871,0.14386,0.14152,0.27368,0.2386,0.0011696,0,0,0
0.11355,0.11111,0.14042,0.16728,0.32234,0.1453,0,0,0,0
0.1479,0.092266,0.1791,0.19539,0.32022,0.065129,0,0,0,0
0.2955,0.13503,0.099804,0.11742,0.15068,0.182,0.019569,0,0,0
0.19707,0.12783,0.089214,0.10786,0.1265,0.28762,0.063915,0,0,0
0.17294,0.11089,0.092574,0.11699,0.12106,0.24008,0.14547,0,0,0
0.16577,0.11321,0.11119,0.12197,0.16173,0.19677,0.12871,0.00067385,0,0
0.14214,0.086957,0.081382,0.10479,0.14548,0.24749,0.18952,0.0022297,0,0
0.12579,0.069182,0.06761,0.074686,0.13836,0.27005,0.24646,0.0078616,0,0
0.075531,0.060976,0.080252,0.15224,0.28914,0.27813,0.063729,0,0,0
0.089598,0.073652,0.079727,0.13971,0.25513,0.27183,0.089977,0.00037965,0,0
0.11033,0.077229,0.1015,0.10768,0.24492,0.31862,0.039718,0,0,0
0.11993,0.10236,0.071472,0.095094,0.31678,0.27922,0.015142,0,0,0
0.10878,0.078611,0.096892,0.117,0.40859,0.18464,0.0054845,0,0,0
0.11707,0.073171,0.10366,0.15,0.45854,0.097561,0,0,0,0
0.16183,0.11618,0.139,0.20332,0.35685,0.022822,0,0,0,0
0.096,0.0976,0.1664,0.3456,0.2704,0.024,0,0,0,0
0.079404,0.069479,0.11538,0.33002,0.34119,0.060794,0.0037221,0,0,0
0.074811,0.066288,0.086174,0.17519,0.47159,0.12027,0.0056818,0,0,0
0.064048,0.069172,0.081127,0.16225,0.42699,0.18446,0.011956,0,0,0
0.074106,0.057541,0.084568,0.18483,0.42284,0.16303,0.012206,0.00087184,0,0
0.076223,0.061054,0.074327,0.16534,0.27455,0.29427,0.054228,0,0,0
0.084559,0.066176,0.078676,0.14412,0.37279,0.23971,0.013971,0,0,0
0.085566,0.052723,0.085566,0.15817,0.44252,0.16162,0.012965,0.0008643,0,0
0.079404,0.069479,0.11538,0.33002,0.34119,0.060794,0.0037221,0,0,0
0.096,0.0976,0.1664,0.3456,0.2704,0.024,0,0,0,0
0.16183,0.11618,0.139,0.20332,0.35685,0.022822,0,0,0,0
0.12023,0.089109,0.11315,0.15134,0.41867,0.1075,0,0,0,0
0.1073,0.084071,0.063053,0.12279,0.43031,0.18363,0.0088496,0,0,0
0.10167,0.092105,0.10646,0.13278,0.4378,0.12679,0.0023923,0,0,0
0.11993,0.10236,0.071472,0.095094,0.31678,0.27922,0.015142,0,0,0
0.11334,0.088619,0.085821,0.090951,0.24813,0.33909,0.034049,0,0,0
0.11715,0.078233,0.09769,0.11755,0.25415,0.26348,0.071747,0,0,0
0.08656,0.083272,0.072316,0.12747,0.27137,0.26771,0.090942,0.00036523,0,0
0.051605,0.074407,0.083708,0.16952,0.25503,0.25863,0.10651,0.00060006,0,0
0.043773,0.06583,0.063115,0.13098,0.28062,0.32949,0.086189,0,0,0
0.039775,0.10919,0.069418,0.10507,0.30131,0.3212,0.054034,0,0,0
0.076688,0.12244,0.072767,0.12941,0.3098,0.26144,0.027451,0,0,0
0.11785,0.13548,0.089462,0.12645,0.26366,0.22753,0.03957,0,0,0
0.15679,0.15832,0.10368,0.14811,0.22063,0.18795,0.024515,0,0,0
0.11137,0.18167,0.15166,0.18878,0.18404,0.15008,0.032385,0,0,0
0.12207,0.25822,0.19249,0.17019,0.12324,0.11385,0.019953,0,0,0
0.50474,0.41623,0.079031,0,0,0,0,0,0,0
0.56989,0.40621,0.023895,0,0,0,0,0,0,0
0.35753,0.58219,0.060274,0,0,0,0,0,0,0
0.19098,0.22657,0.1637,0.15421,0.16251,0.10202,0,0,0,0
0.19968,0.30515,0.14171,0.12158,0.13043,0.10064,0.00080515,0,0,0
0.088849,0.14311,0.11389,0.1455,0.26535,0.23315,0.010137,0,0,0
0.05036,0.079586,0.072392,0.15782,0.3107,0.31475,0.014388,0,0,0
0.032233,0.058176,0.076258,0.19497,0.28695,0.31132,0.040094,0,0,0
0.025748,0.059847,0.065066,0.18232,0.26896,0.27383,0.12387,0.00034795,0,0
0.064713,0.067611,0.077914,0.16581,0.26111,0.25209,0.11075,0,0,0
0.030786,0.053412,0.078264,0.20067,0.29303,0.2908,0.053042,0,0,0
0.043073,0.063499,0.059947,0.16474,0.30551,0.34014,0.023091,0,0,0
0.063571,0.10009,0.077547,0.13616,0.28855,0.3156,0.018485,0,0,0
0.088849,0.14311,0.11389,0.1455,0.26535,0.23315,0.010137,0,0,0
0.20228,0.31158,0.13214,0.11528,0.12126,0.10767,0.0097879,0,0,0
0.19098,0.22657,0.1637,0.15421,0.16251,0.10202,0,0,0,0
0.2866,0.62779,0.085608,0,0,0,0,0,0,0
0.52963,0.45271,0.017654,0,0,0,0,0,0,0
0.49431,0.43964,0.066059,0,0,0,0,0,0,0
0.12207,0.25822,0.19249,0.17019,0.12324,0.11385,0.019953,0,0,0
0.11137,0.18167,0.15166,0.18878,0.18404,0.15008,0.032385,0,0,0
0.17915,0.17684,0.12097,0.15668,0.18894,0.15265,0.02477,0,0,0
0.13469,0.14299,0.0881,0.15129,0.24031,0.21587,0.026753,0,0,0
0.039937,0.11111,0.064057,0.1206,0.30803,0.31356,0.042705,0,0,0
0.043344,0.083591,0.06192,0.11077,0.27038,0.35053,0.079463,0,0,0
0.059632,0.079801,0.07454,0.17802,0.24408,0.26133,0.10172,0.00087694,0,0
0.022373,0.051186,0.089831,0.21898,0.30542,0.24847,0.063729,0,0,0
0.035165,0.057509,0.071795,0.18645,0.31868,0.30293,0.027473,0,0,0
0.063457,0.089959,0.069802,0.18104,0.32102,0.23778,0.036954,0,0,0
0.10414,0.11503,0.084967,0.15381,0.26885,0.22702,0.046187,0,0,0
0.099196,0.14879,0.12936,0.18834,0.23592,0.16287,0.035523,0,0,0
0.15632,0.28437,0.14768,0.15632,0.1469,0.10291,0.0054988,0,0,0
0.16718,0.27245,0.1935,0.1904,0.12693,0.049536,0,0,0,0
0.19872,0.30609,0.20994,0.1875,0.081731,0.016026,0,0,0,0
0.18283,0.34181,0.22258,0.20032,0.052464,0,0,0,0,0
0.6384,0.3616,0,0,0,0,0,0,0,0
0.22645,0.38677,0.28257,0.098196,0.006012,0,0,0,0,0
0.5736,0.4264,0,0,0,0,0,0,0,0
0.22645,0.38677,0.28257,0.098196,0.006012,0,0,0,0,0
0.19531,0.35,0.22969,0.2,0.025,0,0,0,0,0
0.19872,0.30609,0.20994,0.1875,0.081731,0.016026,0,0,0,0
0.16718,0.27245,0.1935,0.1904,0.12693,0.049536,0,0,0,0
0.16113,0.24969,0.1845,0.16482,0.14391,0.094711,0.00123,0,0,0
0.10555,0.16028,0.15168,0.19859,0.20797,0.15246,0.023456,0,0,0
0.096036,0.12954,0.1139,0.17811,0.24902,0.1971,0.036293,0,0,0
0.093915,0.11772,0.080688,0.16578,0.27778,0.22619,0.037478,0.00044092,0,0
0.055866,0.079702,0.069646,0.18026,0.3203,0.25773,0.036499,0,0,0
0.022934,0.05801,0.084317,0.23541,0.27791,0.25936,0.062057,0,0,0
0,0.013855,0.093725,0.2176,0.40709,0.24124,0.026487,0,0,0
0,0.016998,0.080017,0.18532,0.3893,0.28731,0.04063,0.00041459,0,0
0,0.012048,0.069957,0.16829,0.35251,0.31636,0.080062,0.0007773,0,0
0,0.013609,0.11361,0.21213,0.27041,0.3213,0.068935,0,0,0
0,0.026442,0.15546,0.25454,0.25613,0.27557,0.031857,0,0,0
0,0.027007,0.17479,0.24719,0.3057,0.23668,0.0086272,0,0,0
0,0.031958,0.22371,0.25283,0.34304,0.14765,0.00080906,0,0,0
0,0.044803,0.26568,0.32168,0.34095,0.026882,0,0,0,0
0,0.054815,0.29531,0.42815,0.22025,0.0014815,0,0,0,0
0,0.065574,0.32896,0.48087,0.12459,0,0,0,0,0
0,0.088394,0.33554,0.44137,0.1341,0.00060132,0,0,0,0
0,0.039648,0.21929,0.42487,0.3118,0.0044053,0,0,0,0
0,0.027159,0.19902,0.3366,0.3366,0.10062,0,0,0,0
0,0.013643,0.084071,0.19063,0.43953,0.24631,0.024336,0.0011062,0,0.00036873
0,0.015778,0.093539,0.17956,0.45492,0.23253,0.021788,0.001127,0.00075131,0
0,0.015239,0.077018,0.14415,0.39292,0.31425,0.054366,0.0020593,0,0
0,0.016949,0.078692,0.17676,0.42131,0.26594,0.038741,0.0008071,0.0008071,0
0,0.013009,0.1027,0.21979,0.40055,0.24855,0.015406,0,0,0
0,0.025632,0.15987,0.26105,0.35885,0.18718,0.0074199,0,0,0
0,0.024491,0.18237,0.31085,0.3523,0.12962,0.00037679,0,0,0
0,0.035332,0.21478,0.39563,0.31474,0.039517,0,0,0,0
0,0.039648,0.21929,0.42487,0.3118,0.0044053,0,0,0,0
0,0.055879,0.25262,0.46973,0.22177,0,0,0,0,0
0,0.071069,0.28994,0.45535,0.18302,0.00062893,0,0,0,0
0,0.089461,0.33333,0.4614,0.11581,0,0,0,0,0
0,0.018319,0.16487,0.23491,0.30496,0.26545,0.011494,0,0,0
0,0.023382,0.15311,0.23959,0.27002,0.27643,0.037476,0,0,0
0,0.013609,0.11361,0.21213,0.27041,0.3213,0.068935,0,0,0
0,0.015531,0.072008,0.1539,0.2958,0.35828,0.10448,0,0,0
0,0.011792,0.06934,0.2434,0.40142,0.23915,0.034906,0,0,0
0,0.0089496,0.0683,0.2261,0.40179,0.25671,0.037211,0.00094206,0,0
0,0.026884,0.19449,0.26684,0.31962,0.19184,0.0003319,0,0,0
0,0.031289,0.25699,0.2645,0.38298,0.064247,0,0,0,0
0,0.037371,0.2697,0.30932,0.3638,0.019811,0,0,0,0
0,0.048028,0.30789,0.41456,0.22851,0.0010111,0,0,0,0
0,0.06018,0.32002,0.49944,0.12036,0,0,0,0,0
0,0.081352,0.3398,0.49061,0.08761,0.00062578,0,0,0,0
0,0.08363,0.31435,0.44069,0.16074,0.00059312,0,0,0,0
0,0.038138,0.23526,0.43933,0.28232,0.0049529,0,0,0,0
0,0.036407,0.2383,0.38723,0.30402,0.034043,0,0,0,0
0,0.027921,0.20389,0.34056,0.3424,0.085231,0,0,0,0
0,0.012564,0.059097,0.18288,0.36203,0.34062,0.04188,0.00093067,0,0
0,0.012623,0.061711,0.14119,0.35905,0.3698,0.052828,0.002805,0,0
0,0.010818,0.066792,0.20743,0.36124,0.31468,0.03904,0,0,0
0,0.015881,0.065509,0.21191,0.4,0.27643,0.029777,0.00049628,0,0
0,0.014169,0.094891,0.25376,0.41649,0.1945,0.026191,0,0,0
0,0.027558,0.19015,0.30761,0.35171,0.12263,0.00034447,0,0,0
0,0.03097,0.21679,0.33881,0.35373,0.059701,0,0,0,0
0,0.038138,0.23526,0.43933,0.28232,0.0049529,0,0,0,0
0,0.048874,0.27512,0.50247,0.17353,0,0,0,0,0
0,0.077491,0.3032,0.48462,0.13346,0.00123,0,0,0,0
0,0.074663,0.33231,0.52203,0.070991,0,0,0,0,0
0,0.037371,0.2697,0.30932,0.3638,0.019811,0,0,0,0
0,0.024713,0.18446,0.23854,0.34456,0.20702,0.00071633,0,0,0
